Aidat,Banyo Sayısı,Bina Yaşı,Brüt / Net M2,Bulunduğu Kat,Depozito,Eşya Durumu,Fiyat,Isınma Tipi,Kat Sayısı,Konut Şekli,Kullanım Durumu,Oda + Salon Sayısı,Son Güncelleme Tarihi,Yakıt Tipi,Yapı Tipi,Yapının Durumu,İlan Durumu,İlan no,Cephe ,Site İçerisinde,Krediye Uygunluk,Takas,Tapu Durumu,Kira Getirisi
30 TL,1,12 Yaşında,130 m2,3. Kat,"1,500 TL",Eşyalı Değil,"
1,500 TL
",Kombi,3 Katlı,Daire,Boş,3 + 1,3 Gün Önce,Doğalgaz,Betonarme,İkinci El,Kiralık,60186-3089,,,,,,
35 TL,1,17 Yaşında,135 m2,3. Kat,"1,500 TL",Eşyalı Değil,"
1,500 TL
",Kombi,4 Katlı,Daire,Boş,3 + 1,12 Gün Önce,Doğalgaz,Betonarme,İkinci El,Kiralık,76774-2710,"Kuzey, ",,,,,
50 TL,1,35 Yaşında,125 m2,5. Kat,"1,200 TL",Eşyalı Değil,"
1,200 TL
",Kombi,6 Katlı,Daire,Boş,3 + 1,Bugün,Doğalgaz,Betonarme,İkinci El,Kiralık,65633-676,"Güney, ",,,,,
30 TL,1,17 Yaşında,100 m2,Yüksek Giriş,"1,000 TL",Eşyalı Değil,"
1,000 TL
",Kombi,2 Katlı,Daire,Boş,2 + 1,Bugün,Doğalgaz,Betonarme,Sıfır,Kiralık,76774-2709,"Güney, ",,,,,
1 TL,1,Sıfır Bina,70 m2,Yüksek Giriş,"2,600 TL",Eşyalı,"
2,600 TL
",Merkezi,4 Katlı,Daire,Boş,1 + 1,Bugün,Doğalgaz,Betonarme,Sıfır,Kiralık,37563-3812,"Güney, ",,,,,
,1,50 Yaşında,90 m2,1. Kat,"1,600 TL",Eşyalı Değil,"
1,600 TL
",Kombi,3 Katlı,Daire,Kiracı Oturuyor,2 + 1,Bugün,Doğalgaz,Betonarme,İkinci El,Kiralık,1124-5096,Batı,,,,,
,1,45 Yaşında,90 m2,Kot 1,"1,400 TL",Eşyalı Değil,"
1,400 TL
",Kombi,4 Katlı,Daire,Ev Sahibi Oturuyor,2 + 120,Bugün,Doğalgaz,Betonarme,İkinci El,Kiralık,1124-5124,"Kuzey, ",,,,,
50 TL,1,20 Yaşında,170 m2,2. Kat,"1,950 TL",Eşyalı Değil,"
1,950 TL
",Kombi,4 Katlı,Daire,Boş,4 + 1,Bugün,Doğalgaz,Betonarme,İkinci El,Kiralık,114252-83,"Güney, ",,,,,
240 TL,1,21 Yaşında,80 m2,Giriş Katı,"5,400 TL",Eşyalı Değil,"
2,350 TL
",Merkezi,4 Katlı,Daire,Boş,1 + 1,Bugün,Doğalgaz,Betonarme,Sıfır,Kiralık,3584-25952,"Güney, ",,,,,
465 TL,1,10 Yaşında,85 m2,3. Kat,"1,700 TL",Eşyalı Değil,"
1,700 TL
",Merkezi (Pay Ölçer),7 Katlı,Daire,Boş,1 + 1,2 Gün Önce,Doğalgaz,Betonarme,İkinci El,Kiralık,5338-6703,"Güney, ",PARK LİMA,,,,
200 TL,1,Sıfır Bina,110 m2,3. Kat,"3,000 TL",Eşyalı Değil,"
3,000 TL
",Kombi,4 Katlı,Daire,Boş,3 + 1,2 Gün Önce,Doğalgaz,Betonarme,Sıfır,Kiralık,29144-903,Güney,,,,,
40 TL,1,3 Yaşında,125 m2,Yüksek Giriş,"1,200 TL",Eşyalı Değil,"
1,200 TL
",Kombi,4 Katlı,Daire,Boş,3 + 1,2 Gün Önce,Doğalgaz,Betonarme,İkinci El,Kiralık,122387-9,"Güney, ",,,,,
25 TL,1,2 Yaşında,60 m2,2. Kat,"1,250 TL",Eşyalı,"
1,250 TL
",Kombi,2 Katlı,Daire,Boş,1 + 1,2 Gün Önce,Doğalgaz,Betonarme,İkinci El,Kiralık,90826-276,Doğu,,,,,
475 TL,2,7 Yaşında,225 m2,15. Kat,,Eşyalı Değil,"
4,600 TL
",Merkezi (Pay Ölçer),27 Katlı,Daire,Boş,4 + 1,3 Gün Önce,Doğalgaz,Betonarme,,Kiralık,40409-3694,"Kuzey, ",HAYALPARK EVLERİ,,,,
,1,10 Yaşında,150 m2,Ara Kat,,Eşyalı Değil,"
8,500 TL
",Merkezi (Pay Ölçer),32 Katlı,Daire,,4 + 2,70 Gün Önce,,,,Kiralık,4129-1384,,,,,,
"1,700 TL",5,5 Yaşında,256 m2,21 ve üzeri,,Eşyalı Değil,"
20,000 TL
",Merkezi,30 Katlı,Daire,,5 + 1,11 Gün Önce,,,,Kiralık,4129-1620,,,,,,
75 TL,1,Sıfır Bina,75 m2,2. Kat,,Eşyalı Değil,"
2,600 TL
",Kombi,3 Katlı,Daire,Boş,1 + 1,3 Gün Önce,Doğalgaz,Betonarme,Sıfır,Kiralık,114144-570,Doğu,,,,,
150 TL,2,15 Yaşında,220 m2,1. Kat,"10,000 TL",Eşyalı,"
5,000 TL
",Kombi,4 Katlı,Daire,Boş,4 + 1,139 Gün Önce,Doğalgaz,Betonarme,İkinci El,Kiralık,6632-1700,"Güney, ",,,,,
580 TL,1,40 Yaşında,125 m2,3. Kat,"6,000 TL",Eşyalı,"
3,200 TL
",Merkezi,3 Katlı,Daire,Boş,3 + 1,22 Gün Önce,Doğalgaz,Betonarme,Sıfır,Kiralık,6632-1720,"Güney, ",,,,,
,2,35 Yaşında,140 m2,Yüksek Giriş,"2,500 TL",Eşyalı,"
2,450 TL
",Merkezi,5 Katlı,Daire,Boş,3 + 1,45 Gün Önce,Doğalgaz,Betonarme,İkinci El,Kiralık,6632-1365,"Güney, ",,,,,
110 TL,1,25 Yaşında,120 m2,2. Kat,"2,000 TL",Eşyalı Değil,"
1,850 TL
",Kombi,4 Katlı,Daire,Boş,3 + 1,103 Gün Önce,Doğalgaz,Betonarme,İkinci El,Kiralık,6632-1699,"Kuzey, ",,,,,
400 TL,2,1 Yaşında,130 m2,1. Kat,"5,000 TL",Eşyalı Değil,"
3,250 TL
",Merkezi (Pay Ölçer),27 Katlı,Daire,Boş,2 + 1,4 Gün Önce,Doğalgaz,Betonarme,Sıfır,Kiralık,113838-376,"Kuzey, ",DURU BEYTEPE,,,,
,2,Sıfır Bina,210 m2,7. Kat,"10,500 TL",Eşyalı Değil,"
4,250 TL
",Merkezi (Pay Ölçer),16 Katlı,Daire,Boş,4 + 1,157 Gün Önce,Doğalgaz,Betonarme,Sıfır,Kiralık,63021-5978,"Güney, ",BAŞKENT EMLAK KONUTLARI,,,,
,1,Sıfır Bina,65 m2,2. Kat,,Eşyalı Değil,"
3,000 TL
",Kombi,3 Katlı,Daire,,1 + 1,7 Gün Önce,,,,Kiralık,16512-2108,,,,,,
,1,Sıfır Bina,90 m2,2. Kat,,Eşyalı Değil,"
2,700 TL
",Kombi,4 Katlı,Daire,,1 + 1,11 Gün Önce,,,,Kiralık,16512-2102,,,,,,
40 TL,1,26 Yaşında,110 m2,1. Kat,"1,700 TL",Eşyalı Değil,"
1,700 TL
",Kombi,3 Katlı,Daire,Kiracı Oturuyor,3 + 1,21 Gün Önce,Doğalgaz,Betonarme,İkinci El,Kiralık,11853-1008,"Güney, ",,,,,
400 TL,2,30 Yaşında,120 m2,2. Kat,"1,750 TL",Eşyalı Değil,"
1,750 TL
",Merkezi,3 Katlı,Daire,Boş,3 + 1,4 Gün Önce,Doğalgaz,Betonarme,İkinci El,Kiralık,42363-873,"Güney, ",,,,,
300 TL,1,35 Yaşında,110 m2,Kot 2,"1,000 TL",Eşyalı Değil,"
1,000 TL
",Merkezi,3 Katlı,Daire,Boş,3 + 1,7 Gün Önce,Doğalgaz,Betonarme,İkinci El,Kiralık,114252-89,Batı,,,,,
330 TL,1,3 Yaşında,65 m2,Ara Kat,,Eşyalı Değil,"
2,150 TL
",Merkezi (Pay Ölçer),34 Katlı,Residence,Kiracı Oturuyor,1 + 1,131 Gün Önce,Doğalgaz,Betonarme,İkinci El,Kiralık,111219-299,"Kuzey, ",İNCEK VİSTA,,,,
320 TL,1,1 Yaşında,109 m2,12. Kat,"6,000 TL",Eşyalı Değil,"
3,000 TL
",Merkezi (Pay Ölçer),39 Katlı,Daire,Boş,1 + 1,6 Gün Önce,Doğalgaz,Betonarme,İkinci El,Kiralık,16177-1184,Batı,SİNPAŞ MARİNA TOWER,Uygun,Hayır,Kat Mülkiyeti,
,1,4 Yaşında,70 m2,8. Kat,,Eşyalı,"
2,750 TL
",Merkezi (Pay Ölçer),14 Katlı,Daire,Boş,1 + 1,25 Gün Önce,Doğalgaz,Betonarme,İkinci El,Kiralık,1740-615,,ALTINORAN,,,,
570 TL,2,Sıfır Bina,110 m2,12. Kat,"5,000 TL",Eşyalı Değil,"
2,650 TL
",Merkezi (Pay Ölçer),20 Katlı,Daire,Boş,2 + 1,5 Gün Önce,Doğalgaz,Betonarme,Sıfır,Kiralık,16177-1441,Doğu,BAŞKENT EMLAKKONUT,,,,
35 TL,1,17 Yaşında,135 m2,3. Kat,"1,500 TL",Eşyalı Değil,"
1,500 TL
",Kombi,4 Katlı,Daire,Boş,3 + 1,45 Gün Önce,Doğalgaz,Betonarme,İkinci El,Kiralık,76774-2692,Batı,,,,,
50 TL,1,40 Yaşında,100 m2,2. Kat,"1,500 TL",Eşyalı Değil,"
1,500 TL
",Kombi,3 Katlı,Daire,Boş,2 + 1,6 Gün Önce,Doğalgaz,Betonarme,İkinci El,Kiralık,26491-2995,"Güney, ",,,,,
100 TL,2,17 Yaşında,125 m2,3. Kat,"1,300 TL",Eşyalı Değil,"
1,300 TL
",Kombi,4 Katlı,Daire,Boş,3 + 1,8 Gün Önce,Doğalgaz,Betonarme,İkinci El,Kiralık,22551-1083,Batı,Evet (Site Adı Belirtilmemiş),,,,
70 TL,1,17 Yaşında,140 m2,2. Kat,"2,000 TL",Eşyalı Değil,"
1,750 TL
",Kombi,4 Katlı,Daire,Boş,3 + 1,Bugün,Doğalgaz,Betonarme,İkinci El,Kiralık,93678-7282,"Güney, ",,,,,
100 TL,1,1 Yaşında,165 m2,4. Kat,"2,800 TL",Eşyalı Değil,"
2,700 TL
",Kombi,5 Katlı,Daire,Boş,3 + 1,Bugün,Doğalgaz,Betonarme,İkinci El,Kiralık,2626-9228,"Güney, ",,,,,
20 TL,1,20 Yaşında,125 m2,1. Kat,"1,200 TL",Eşyalı Değil,"
1,200 TL
",Kombi,3 Katlı,Daire,Boş,3 + 1,Bugün,Doğalgaz,Betonarme,İkinci El,Kiralık,68764-1035,Güney,,,,,
400 TL,2,12 Yaşında,170 m2,8. Kat,"3,100 TL",Eşyalı Değil,"
3,100 TL
",Kombi,9 Katlı,Daire,Boş,4 + 1,Bugün,Doğalgaz,Betonarme,İkinci El,Kiralık,56708-862,"Güney, ",PARK LOPELYA SİTESİ,,,,
275 TL,1,22 Yaşında,90 m2,4. Kat,"1,500 TL",Eşyalı Değil,"
1,500 TL
",Merkezi,4 Katlı,Daire,Boş,2 + 1,Bugün,Doğalgaz,Betonarme,İkinci El,Kiralık,10975-1225,"Doğu, ",,,,,
50 TL,1,33 Yaşında,95 m2,3. Kat,"1,500 TL",Eşyalı Değil,"
1,400 TL
",Kombi,3 Katlı,Daire,Boş,3 + 1,Bugün,,Betonarme,,Kiralık,5934-2973,"Güney, ",,,,,
280 TL,1,20 Yaşında,75 m2,Bahçe Katı,"1,400 TL",Eşyalı,"
1,400 TL
",Merkezi,5 Katlı,Daire,Boş,1 + 1,Bugün,Doğalgaz,Betonarme,İkinci El,Kiralık,46993-914,"Güney, ",,,,,
100 TL,1,19 Yaşında,120 m2,3. Kat,"1,500 TL",Eşyalı Değil,"
1,300 TL
",Kombi,3 Katlı,Daire,Boş,2 + 1,Bugün,Doğalgaz,Betonarme,İkinci El,Kiralık,19037-5778,Güney,,,,,
20 TL,1,30 Yaşında,105 m2,1. Kat,900 TL,Eşyalı Değil,"
900 TL
",Kombi,3 Katlı,Daire,Boş,3 + 1,Bugün,Doğalgaz,Betonarme,İkinci El,Kiralık,68764-1027,Doğu,,,,,
220 TL,1,2 Yaşında,66 m2,10. Kat,,Eşyalı,"
1,900 TL
",Merkezi (Pay Ölçer),15 Katlı,Residence,Boş,1 + 1,Bugün,Doğalgaz,Betonarme,İkinci El,Kiralık,6948-6671,Batı,AP ISTGATE,,,,
170 TL,1,20 Yaşında,160 m2,4. Kat,"3,000 TL",Eşyalı Değil,"
2,350 TL
",Kombi,9 Katlı,Daire,Boş,3 + 1,Bugün,Doğalgaz,Betonarme,İkinci El,Kiralık,19258-3798,"Doğu, ",Evet (Site Adı Belirtilmemiş),,,,
,2,Sıfır Bina,192 m2,6. Kat,"8,000 TL",Eşyalı Değil,"
3,800 TL
",Merkezi,12 Katlı,Daire,Boş,4 + 1,Bugün,Doğalgaz,Betonarme,Sıfır,Kiralık,79082-735,Kuzey,BAŞKENT EMLAK KONUTLARI ,,,,
665 TL,1,40 Yaşında,165 m2,4. Kat,"3,000 TL",Eşyalı Değil,"
3,000 TL
",Merkezi,4 Katlı,Daire,Boş,4 + 1,Bugün,Doğalgaz,Betonarme,İkinci El,Kiralık,2418-1984,"Kuzey, ",,,,,
,1,21 Yaşında,89 m2,3. Kat,"1,400 TL",Eşyalı,"
1,400 TL
",Merkezi,3 Katlı,Daire,Boş,3 + 1,Bugün,Doğalgaz,Betonarme,İkinci El,Kiralık,16744-18939,"Kuzey, ",Soyak Blokları,,,,
50 TL,2,23 Yaşında,220 m2,3. Kat,"1,650 TL",Eşyalı Değil,"
1,650 TL
",Kombi,3 Katlı,Daire,Boş,4 + 1,Bugün,Doğalgaz,Betonarme,İkinci El,Kiralık,31522-10837,"Kuzey, ",,,,,
20 TL,1,30 Yaşında,70 m2,Giriş Katı,675 TL,Eşyalı Değil,"
675 TL
",Kombi,3 Katlı,Daire,Boş,2 + 1,Bugün,Doğalgaz,Betonarme,İkinci El,Kiralık,68764-1049,"Kuzey, ",,,,,
570 TL,2,19 Yaşında,165 m2,Giriş Katı,"4,200 TL",Eşyalı Değil,"
2,100 TL
",Merkezi,7 Katlı,Daire,Boş,3 + 1,Bugün,Doğalgaz,Betonarme,İkinci El,Kiralık,43940-1378,"Kuzey, ",MİLENYUM SİTESİ,,,,
250 TL,1,20 Yaşında,160 m2,4. Kat,"1,400 TL",Eşyalı Değil,"
1,400 TL
",Merkezi,5 Katlı,Daire,Boş,3 + 1,Bugün,Doğalgaz,Betonarme,İkinci El,Kiralık,8545-1117,"Güney, ",Evet (Site Adı Belirtilmemiş),,,,
,1,15 Yaşında,120 m2,2. Kat,900 TL,Eşyalı Değil,"
900 TL
",Kombi,3 Katlı,Daire,Boş,3 + 1,Bugün,Doğalgaz,Betonarme,İkinci El,Kiralık,118347-269,Doğu,,,,,
840 TL,2,12 Yaşında,165 m2,9. Kat,"7,000 TL",Eşyalı,"
7,000 TL
",Merkezi,13 Katlı,Daire,Boş,4 + 1,Bugün,Doğalgaz,Betonarme,İkinci El,Kiralık,1133-3665,"Güney, ",Zirvekent,,,,
100 TL,1,20 Yaşında,130 m2,3. Kat,"1,100 TL",Eşyalı Değil,"
1,100 TL
",Kombi,5 Katlı,Daire,Boş,3 + 1,Bugün,Doğalgaz,Betonarme,İkinci El,Kiralık,1264-4860,"Kuzey, ",Evet (Site Adı Belirtilmemiş),,,,
50 TL,1,30 Yaşında,115 m2,4. Kat,"2,000 TL",Eşyalı,"
1,500 TL
",Kombi,4 Katlı,Daire,Boş,2 + 1,Bugün,Doğalgaz,Betonarme,İkinci El,Kiralık,30908-597,"Kuzey, ",,,,,
50 TL,1,11 Yaşında,135 m2,Kot 2,"1,200 TL",Eşyalı Değil,"
1,200 TL
",Kombi,4 Katlı,Daire,Boş,3 + 1,Bugün,Doğalgaz,Betonarme,İkinci El,Kiralık,8053-2422,"Güney, ",,,,,
30 TL,1,10 Yaşında,135 m2,2. Kat,"1,500 TL",Eşyalı Değil,"
1,300 TL
",Kombi,3 Katlı,Daire,Boş,3 + 1,Bugün,Doğalgaz,Betonarme,İkinci El,Kiralık,56871-2329,"Güney, ",,,,,
5 TL,1,30 Yaşında,70 m2,,"1,000 TL",Eşyalı,"
1,000 TL
",Kombi,3 Katlı,Müstakil Ev,Boş,2 + 1,Bugün,Doğalgaz,Betonarme,İkinci El,Kiralık,38672-2474,"Güney, ",,,,,
200 TL,1,25 Yaşında,125 m2,8. Kat,"1,850 TL",Eşyalı Değil,"
1,850 TL
",Kombi,10 Katlı,Daire,Boş,2 + 1,Bugün,Doğalgaz,Betonarme,İkinci El,Kiralık,8006-129,"Doğu, ",oral82,,,,
360 TL,1,35 Yaşında,120 m2,3. Kat,"2,300 TL",Eşyalı Değil,"
2,300 TL
",Merkezi,3 Katlı,Daire,Boş,3 + 1,Bugün,Doğalgaz,Betonarme,İkinci El,Kiralık,16512-1778,"Doğu, ",,Uygun,Hayır,Kat Mülkiyeti,"2,500 TL"
40 TL,1,30 Yaşında,125 m2,Kot 1,"1,750 TL",Eşyalı Değil,"
1,600 TL
",Kombi,3 Katlı,Daire,Boş,4 + 1,Bugün,Doğalgaz,Betonarme,İkinci El,Kiralık,46993-877,"Güney, ",,,,,
,1,Sıfır Bina,135 m2,3. Kat,,Eşyalı Değil,"
950 TL
",Kombi,12 Katlı,Daire,Boş,3 + 1,Bugün,Doğalgaz,Betonarme,Sıfır,Kiralık,111653-701,"Kuzey, ",,,,,
20 TL,1,30 Yaşında,90 m2,1. Kat,900 TL,Eşyalı Değil,"
900 TL
",Kombi,3 Katlı,Bina,Boş,2 + 1,Bugün,Doğalgaz,Betonarme,İkinci El,Kiralık,68764-1010,Güney,,,,,
15 TL,1,30 Yaşında,118 m2,,"1,250 TL",Eşyalı Değil,"
1,250 TL
",Kombi,2 Katlı,Bina,Boş,3 + 1,Bugün,Doğalgaz,Betonarme,İkinci El,Kiralık,68764-855,"Güney, ",,,,,
,1,45 Yaşında,125 m2,2. Kat,"1,700 TL",Eşyalı Değil,"
1,700 TL
",Kombi,4 Katlı,Daire,Boş,3 + 1,Bugün,Doğalgaz,Betonarme,İkinci El,Kiralık,1190-3685,Batı,,,,,
195 TL,1,7 Yaşında,116 m2,Yüksek Giriş,"1,100 TL",Eşyalı,"
1,000 TL
",Merkezi (Pay Ölçer),14 Katlı,Daire,Boş,3 + 1,Bugün,Doğalgaz,Betonarme,İkinci El,Kiralık,23862-12330,"Güney, ",3.Etap,,,,
190 TL,1,2 Yaşında,90 m2,11. Kat,"1,950 TL",Eşyalı Değil,"
1,950 TL
",Merkezi (Pay Ölçer),17 Katlı,Daire,Boş,2 + 1,Bugün,Doğalgaz,Betonarme,İkinci El,Kiralık,6792-3440,,HİTTOWN,,,,
50 TL,1,10 Yaşında,105 m2,Yüksek Giriş,"2,700 TL",Eşyalı Değil,"
1,350 TL
",Kombi,2 Katlı,Daire,Boş,2 + 1,Bugün,Doğalgaz,Betonarme,,Kiralık,3581-3718,Doğu,,,,,
50 TL,1,30 Yaşında,115 m2,Yüksek Giriş,850 TL,Eşyalı Değil,"
850 TL
",Kombi,4 Katlı,Daire,Kiracı Oturuyor,2 + 1,Bugün,Doğalgaz,Betonarme,İkinci El,Kiralık,68764-937,Batı,,,,,
,1,22 Yaşında,110 m2,1. Kat,"1,500 TL",Eşyalı Değil,"
1,600 TL
",Kombi,3 Katlı,Daire,Boş,3 + 1,Bugün,Doğalgaz,Betonarme,Sıfır,Kiralık,17197-1897,"Güney, ",,,,,
350 TL,2,11 Yaşında,182 m2,21 ve üzeri,"10,000 TL",Eşyalı Değil,"
5,000 TL
",Merkezi,25 Katlı,Daire,Kiracı Oturuyor,3 + 1,Bugün,Doğalgaz,Betonarme,İkinci El,Kiralık,3920-8583,"Kuzey, ",Hayatsebla Evleri,,,,
,1,7 Yaşında,110 m2,3. Kat,,Eşyalı Değil,"
825 TL
",Kombi,3 Katlı,Daire,Boş,3 + 1,Bugün,Doğalgaz,Betonarme,İkinci El,Kiralık,67759-3178,,,,,,
375 TL,1,19 Yaşında,92 m2,12. Kat,"1,250 TL",Eşyalı Değil,"
1,250 TL
",Merkezi,14 Katlı,Daire,Boş,2 + 1,Bugün,Doğalgaz,Betonarme,İkinci El,Kiralık,17314-1332,"Kuzey, ",SUTEK SİTESİ,,,,
,2,11 Yaşında,140 m2,4. Kat,"2,500 TL",Eşyalı Değil,"
2,500 TL
",Kombi,4 Katlı,Daire,Boş,3 + 1,Bugün,Doğalgaz,Betonarme,İkinci El,Kiralık,1300-5411,"Kuzey, ",,,,,
,1,22 Yaşında,135 m2,Yüksek Giriş,900 TL,Eşyalı Değil,"
900 TL
",Kombi,2 Katlı,Daire,Boş,2 + 1,Bugün,Doğalgaz,Betonarme,İkinci El,Kiralık,5438-22699,Batı,,,,,
,1,45 Yaşında,130 m2,2. Kat,"1,600 TL",Eşyalı Değil,"
1,600 TL
",Kombi,4 Katlı,Daire,Boş,3 + 1,Bugün,Doğalgaz,Betonarme,İkinci El,Kiralık,1190-3608,Batı,,,,,
40 TL,1,18 Yaşında,100 m2,Yüksek Giriş,"1,200 TL",Eşyalı Değil,"
1,200 TL
",Kombi,3 Katlı,Daire,Boş,3 + 1,Bugün,Doğalgaz,Betonarme,İkinci El,Kiralık,112435-1572,"Güney, ",,,,,
50 TL,2,15 Yaşında,160 m2,2. Kat,"3,500 TL",Eşyalı Değil,"
1,750 TL
",Kombi,3 Katlı,Daire,Boş,3 + 1,Bugün,Doğalgaz,Betonarme,İkinci El,Kiralık,19464-3039,Batı,,,,,
,1,18 Yaşında,160 m2,2. Kat,"1,550 TL",Eşyalı Değil,"
1,550 TL
",Kombi,3 Katlı,Daire,Boş,3 + 1,Bugün,Doğalgaz,Betonarme,İkinci El,Kiralık,5438-22694,Batı,,,,,
,1,2 Yaşında,85 m2,Yüksek Giriş,"2,500 TL",Eşyalı Değil,"
2,500 TL
",Kombi,4 Katlı,Daire,Kiracı Oturuyor,3 + 1,Bugün,,Betonarme,,Kiralık,5934-2965,"Güney, ",,,,,
,1,12 Yaşında,170 m2,3. Kat,165 TL,Eşyalı Değil,"
1,650 TL
",Kombi,4 Katlı,Daire,Boş,3 + 1,Bugün,Doğalgaz,Betonarme,İkinci El,Kiralık,5438-22690,Doğu,,,,,
290 TL,1,3 Yaşında,84 m2,9. Kat,"6,200 TL",Eşyalı,"
3,100 TL
",Merkezi (Pay Ölçer),14 Katlı,Daire,Boş,1 + 1,Bugün,Doğalgaz,Betonarme,İkinci El,Kiralık,47297-1884,,safran residence,,,,
10 TL,1,20 Yaşında,120 m2,2. Kat,850 TL,Eşyalı Değil,"
850 TL
",Kombi,2 Katlı,Daire,Boş,3 + 1,Bugün,Doğalgaz,Betonarme,İkinci El,Kiralık,16087-2589,Doğu,,,,,
,1,20 Yaşında,130 m2,1. Kat,"1,000 TL",Eşyalı Değil,"
 1,000 TL
",Kombi,3 Katlı,Daire,Boş,3 + 1,Bugün,Doğalgaz,Betonarme,İkinci El,Kiralık,5438-22691,"Güney, ",,,,,
,2,Sıfır Bina,110 m2,21 ve üzeri,,Eşyalı Değil,"
3,200 TL
",Merkezi (Pay Ölçer),25 Katlı,Daire,Boş,2 + 1,Bugün,Doğalgaz,Betonarme,Sıfır,Kiralık,3918-3872,"Kuzey, ",Duru Beytepe,Uygun,Hayır,Kat İrtifakı,"3,200 TL"
,1,20 Yaşında,130 m2,2. Kat,950 TL,Eşyalı Değil,"
950 TL
",Kombi,3 Katlı,Daire,Boş,2 + 1,Bugün,Doğalgaz,Betonarme,İkinci El,Kiralık,5438-22693,Güney,,,,,
40 TL,1,25 Yaşında,110 m2,Yüksek Giriş,"1,350 TL",Eşyalı Değil,"
1,350 TL
",Kombi,3 Katlı,Daire,Boş,3 + 1,Bugün,Doğalgaz,,,Kiralık,70164-655,"Güney, ",,,,,
450 TL,1,30 Yaşında,115 m2,4. Kat,"2,200 TL",Eşyalı Değil,"
2,000 TL
",Merkezi,15 Katlı,Daire,Boş,3 + 1,Bugün,Doğalgaz,Betonarme,İkinci El,Kiralık,15927-706,Güney,Şenyuva ( Tusso ) Bl,,,,
410 TL,1,35 Yaşında,100 m2,2. Kat,"2,000 TL",Eşyalı Değil,"
2,000 TL
",Merkezi,4 Katlı,Daire,Boş,3 + 1,Bugün,Doğalgaz,Betonarme,İkinci El,Kiralık,2418-1996,"Güney, ",,,,,
,2,3 Yaşında,190 m2,21 ve üzeri,"20,500 TL",Eşyalı,"
20,500 TL
",Merkezi (Pay Ölçer),32 Katlı,Residence,,4 + 1,Bugün,,,,Kiralık,83743-306,,Kuzu Kumru Residence,,,,
450 TL,1,40 Yaşında,115 m2,3. Kat,,Eşyalı Değil,"
1,550 TL
",Merkezi,4 Katlı,Daire,Kiracı Oturuyor,3 + 1,Bugün,,,,Kiralık,5934-2971,"Güney, ",,,,,
,2,9 Yaşında,150 m2,Yüksek Giriş,,Eşyalı,"
2,500 TL
",Kombi,3 Katlı,Daire,Boş,3 + 1,Bugün,Doğalgaz,,İkinci El,Kiralık,4581-6104,,,,,,
,1,20 Yaşında,140 m2,2. Kat,"1,250 TL",Eşyalı Değil,"
1,250 TL
",Kombi,10 Katlı,Daire,,3 + 1,Bugün,Doğalgaz,Betonarme,İkinci El,Kiralık,5438-22700,Güney,,,,,
,1,Sıfır Bina,95 m2,Giriş Katı,,Eşyalı,"
1,750 TL
",Kombi,7 Katlı,Daire,Boş,2 + 1,Bugün,Doğalgaz,Betonarme,Sıfır,Kiralık,111653-702,"Kuzey, ",,,,,
"25,000 TL",1,15 Yaşında,165 m2,Yüksek Giriş,,Eşyalı Değil,"
800 TL
",Kombi,5 Katlı,Daire,Boş,3 + 1,Bugün,Doğalgaz,Betonarme,İkinci El,Kiralık,86980-651,,Evet (Site Adı Belirtilmemiş),,,,
500 TL,1,25 Yaşında,145 m2,2. Kat,"5,500 TL",Eşyalı,"
3,000 TL
",Merkezi,13 Katlı,Daire,Boş,3 + 1,Bugün,Doğalgaz,Betonarme,İkinci El,Kiralık,111861-157,"Güney, ",mesa,,,,
,1,40 Yaşında,30 m2,Kot 1,700 TL,Eşyalı,"
700 TL
",Kombi,3 Katlı,Daire,Boş,1 + 0,Bugün,Doğalgaz,Betonarme,İkinci El,Kiralık,1190-3436,Doğu,,,,,
130 TL,2,15 Yaşında,190 m2,2. Kat,"2,850 TL",Eşyalı Değil,"
2,850 TL
",Kombi,3 Katlı,Daire,Kiracı Oturuyor,4 + 1,Bugün,Doğalgaz,Betonarme,İkinci El,Kiralık,86261-334,"Kuzey, ",,,,,
,1,20 Yaşında,135 m2,3. Kat,"1,100 TL",Eşyalı Değil,"
1,100 TL
",Kombi,3 Katlı,Daire,Boş,3 + 1,Bugün,Doğalgaz,Betonarme,İkinci El,Kiralık,5438-22696,Güney,,,,,
120 TL,1,15 Yaşında,130 m2,1. Kat,"5,000 TL",Eşyalı Değil,"
2,950 TL
",Kombi,4 Katlı,Daire,Boş,3 + 1,Bugün,Doğalgaz,Betonarme,İkinci El,Kiralık,10115-1191,"Güney, ",,,,,
30 TL,1,25 Yaşında,130 m2,Kot 1,"1,000 TL",Eşyalı Değil,"
1,000 TL
",Kombi,6 Katlı,Daire,Kiracı Oturuyor,3 + 1,Bugün,Doğalgaz,Betonarme,İkinci El,Kiralık,98193-67,Batı,,,,,
50 TL,1,25 Yaşında,100 m2,10. Kat,"1,750 TL",Eşyalı Değil,"
1,750 TL
",Kombi,12 Katlı,Daire,Boş,2 + 1,Bugün,Doğalgaz,Betonarme,İkinci El,Kiralık,1300-5420,"Güney, ",işçi blokları,,,,
170 TL,2,15 Yaşında,160 m2,3. Kat,"2,250 TL",Eşyalı Değil,"
2,250 TL
",Kombi,4 Katlı,Daire,Boş,3 + 1,Bugün,Doğalgaz,Betonarme,İkinci El,Kiralık,1300-5419,"Kuzey, ",,,,,
375 TL,2,15 Yaşında,182 m2,13. Kat,"20,000 TL",Eşyalı,"
8,500 TL
",Merkezi,22 Katlı,Daire,Belirtilmemiş,4 + 1,Bugün,Doğalgaz,Betonarme,İkinci El,Kiralık,3920-8587,"Güney, ",Hayatsebla Evleri,,,,
450 TL,1,30 Yaşında,115 m2,13. Kat,,Eşyalı,"
2,200 TL
",Merkezi,15 Katlı,Daire,Boş,3 + 1,Bugün,Doğalgaz,Betonarme,İkinci El,Kiralık,15927-435,"Güney, ",Tusso (Şenyuva) Blok,,,,
870 TL,2,30 Yaşında,165 m2,4. Kat,"6,000 TL",Eşyalı Değil,"
6,000 TL
",Merkezi,10 Katlı,Daire,Boş,3 + 1,Bugün,Doğalgaz,Betonarme,İkinci El,Kiralık,2418-1704,"Doğu, ",KENT SİTESİ,,,,
,1,22 Yaşında,105 m2,Yüksek Giriş,850 TL,Eşyalı Değil,"
850 TL
",Kombi,3 Katlı,Daire,Boş,2 + 1,Bugün,Doğalgaz,Betonarme,İkinci El,Kiralık,5438-22692,Doğu,,,,,
410 TL,1,40 Yaşında,130 m2,6. Kat,"1,550 TL",Eşyalı Değil,"
1,550 TL
",Merkezi,7 Katlı,Daire,Boş,3 + 1,Bugün,Doğalgaz,Betonarme,İkinci El,Kiralık,17943-1500,"Doğu, ",,,,,
140 TL,1,20 Yaşında,100 m2,Giriş Katı,"1,850 TL",Eşyalı,"
1,850 TL
",Kombi,3 Katlı,Daire,Boş,2 + 1,Bugün,Doğalgaz,Betonarme,İkinci El,Kiralık,57374-1302,"Güney, ",,,,,
30 TL,1,25 Yaşında,85 m2,1. Kat,"2,000 TL",Eşyalı,"
1,450 TL
",Kombi,2 Katlı,Daire,Boş,2 + 1,Bugün,Doğalgaz,Betonarme,İkinci El,Kiralık,43664-1107,"Güney, ",,,,,
50 TL,1,15 Yaşında,145 m2,1. Kat,"1,300 TL",Eşyalı Değil,"
1,100 TL
",Kombi,3 Katlı,Daire,Boş,3 + 1,Bugün,Doğalgaz,Betonarme,İkinci El,Kiralık,19464-3045,"Güney, ",,,,,
,,,,,,,,,,,,,,,,,,,,,,,,
100 TL,1,3 Yaşında,70 m2,2. Kat,"3,000 TL",Eşyalı,"
2,750 TL
",Kombi,5 Katlı,Daire,Boş,1 + 1,Bugün,Doğalgaz,Betonarme,İkinci El,Kiralık,26985-2484,"Güney, ",,,,,
,1,22 Yaşında,135 m2,3. Kat,"1,000 TL",Eşyalı Değil,"
1,000 TL
",Kombi,4 Katlı,Daire,Boş,3 + 1,Bugün,Doğalgaz,Betonarme,İkinci El,Kiralık,5438-22689,Doğu,,,,,
,1,25 Yaşında,140 m2,1. Kat,"1,250 TL",Eşyalı Değil,"
1,250 TL
",Kombi,3 Katlı,Daire,Boş,4 + 1,Bugün,Doğalgaz,,,Kiralık,70164-637,Güney,,,,,
20 TL,1,15 Yaşında,140 m2,5. Kat,700 TL,Eşyalı Değil,"
700 TL
",Kombi,5 Katlı,Daire,Boş,3 + 1,Bugün,Doğalgaz,Betonarme,İkinci El,Kiralık,8545-1104,"Güney, ",,,,,
130 TL,1,8 Yaşında,95 m2,4. Kat,"2,000 TL",Eşyalı,"
1,200 TL
",Merkezi,10 Katlı,Daire,Boş,2 + 1,Bugün,Doğalgaz,Betonarme,İkinci El,Kiralık,45607-1534,Doğu,Evet (Site Adı Belirtilmemiş),,,,
125 TL,1,30 Yaşında,100 m2,1. Kat,"2,000 TL",Eşyalı Değil,"
2,000 TL
",Kombi,5 Katlı,Daire,Boş,2 + 1,Bugün,Doğalgaz,Betonarme,İkinci El,Kiralık,2418-2000,,,,,,
,1,20 Yaşında,100 m2,Kot 1,"1,000 TL",Eşyalı Değil,"
1,000 TL
",Kombi,4 Katlı,Daire,Boş,2 + 1,Bugün,Doğalgaz,Betonarme,İkinci El,Kiralık,1190-3673,Güney,,,,,
1 TL,1,20 Yaşında,100 m2,Bahçe Katı,"2,300 TL",Eşyalı,"
2,300 TL
",Merkezi,3 Katlı,Daire,,2 + 1,Bugün,Doğalgaz,Betonarme,,Kiralık,14436-3088,,,,,,
100 TL,1,25 Yaşında,125 m2,1. Kat,"1,600 TL",Eşyalı Değil,"
1,600 TL
",Kombi,5 Katlı,Daire,Boş,3 + 1,Bugün,Doğalgaz,Betonarme,İkinci El,Kiralık,30908-593,"Kuzey, ",,,,,
310 TL,1,28 Yaşında,120 m2,7. Kat,"1,350 TL",Eşyalı Değil,"
1,350 TL
",Merkezi,9 Katlı,Daire,Boş,3 + 1,Bugün,Doğalgaz,Betonarme,İkinci El,Kiralık,38672-2476,"Doğu, ",Evet (Site Adı Belirtilmemiş),,,,
100 TL,2,30 Yaşında,300 m2,3. Kat,"30,000 TL",Eşyalı Değil,"
15,000 TL
",Kombi,3 Katlı,Daire,Ev Sahibi Oturuyor,5 + 1,Bugün,Doğalgaz,Betonarme,İkinci El,Kiralık,119106-15,"Güney, ",,,,,
,1,1 Yaşında,60 m2,2. Kat,"2,100 TL",Eşyalı Değil,"
2,100 TL
",Merkezi (Pay Ölçer),5 Katlı,Daire,Boş,1 + 1,Bugün,Doğalgaz,Betonarme,İkinci El,Kiralık,28888-617,"Güney, ",Evet (Site Adı Belirtilmemiş),,,,
1 TL,1,20 Yaşında,100 m2,Bahçe Katı,"2,300 TL",Eşyalı,"
2,300 TL
",Merkezi,3 Katlı,Daire,,2 + 1,Bugün,Doğalgaz,Betonarme,İkinci El,Kiralık,14436-3086,,,,,,
265 TL,1,25 Yaşında,120 m2,Zemin,"1,250 TL",Eşyalı Değil,"
1,250 TL
",Merkezi,5 Katlı,Daire,Boş,3 + 1,Bugün,Doğalgaz,Betonarme,İkinci El,Kiralık,17943-1502,Doğu,,,,,
50 TL,1,30 Yaşında,135 m2,Yüksek Giriş,"1,600 TL",Eşyalı Değil,"
1,600 TL
",Kombi,5 Katlı,Daire,Boş,3 + 1,Bugün,Doğalgaz,Betonarme,İkinci El,Kiralık,17943-1335,Batı,,,,,
,1,45 Yaşında,135 m2,1. Kat,,Eşyalı Değil,"
3,400 TL
",Kombi,4 Katlı,Daire,Boş,3 + 1,Bugün,Doğalgaz,Betonarme,İkinci El,Kiralık,1190-3686,Doğu,,,,,
60 TL,1,30 Yaşında,125 m2,1. Kat,"2,000 TL",Eşyalı Değil,"
1,850 TL
",Kombi,4 Katlı,Daire,Boş,3 + 1,Bugün,Doğalgaz,Betonarme,İkinci El,Kiralık,57374-666,"Kuzey, ",,,,,
,1,22 Yaşında,135 m2,3. Kat,"1,150 TL",Eşyalı Değil,"
1,150 TL
",Kombi,3 Katlı,Daire,Boş,3 + 1,Bugün,Doğalgaz,Betonarme,İkinci El,Kiralık,5438-22688,"Güney, ",,,,,
700 TL,2,5 Yaşında,125 m2,2. Kat,"16,000 TL",Eşyalı,"
8,750 TL
",Merkezi (Pay Ölçer),11 Katlı,Daire,Ev Sahibi Oturuyor,2 + 1,Bugün,Doğalgaz,Betonarme,İkinci El,Kiralık,79082-743,Güney,EGE FLORA,,,,
,1,45 Yaşında,100 m2,3. Kat,"1,000 TL",Eşyalı Değil,"
1,000 TL
",Kombi,3 Katlı,Daire,Boş,3 + 1,Bugün,Doğalgaz,Betonarme,İkinci El,Kiralık,1190-3636,Doğu,,,,,
40 TL,1,35 Yaşında,120 m2,3. Kat,"3,000 TL",Eşyalı Değil,"
1,700 TL
",Kombi,3 Katlı,Daire,Boş,3 + 1,Bugün,Doğalgaz,Betonarme,İkinci El,Kiralık,10115-1181,,,,,,
150 TL,1,30 Yaşında,95 m2,Giriş Katı,"1,600 TL",Eşyalı Değil,"
1,600 TL
",Kombi,5 Katlı,Daire,Boş,2 + 1,Bugün,Doğalgaz,Betonarme,İkinci El,Kiralık,1248-1898,,,,,,
,1,22 Yaşında,110 m2,1. Kat,"1,600 TL",Eşyalı Değil,"
1,500 TL
",Kombi,3 Katlı,Daire,Boş,3 + 1,Bugün,Doğalgaz,Betonarme,İkinci El,Kiralık,17197-1841,"Kuzey, ",,,,,
364 TL,2,30 Yaşında,145 m2,Kot 1,"2,000 TL",Eşyalı Değil,"
1,750 TL
",Merkezi,3 Katlı,Daire,Boş,3 + 1,Bugün,Doğalgaz,Betonarme,İkinci El,Kiralık,41662-1105,"Güney, ",,,,,
400 TL,1,9 Yaşında,200 m2,Giriş Katı,"6,500 TL",Eşyalı Değil,"
3,250 TL
",Kombi,3 Katlı,Daire,Kiracı Oturuyor,4 + 1,Bugün,Doğalgaz,Betonarme,İkinci El,Kiralık,6890-6451,"Kuzey, ",Evet (Site Adı Belirtilmemiş),,,,
270 TL,1,33 Yaşında,110 m2,Yüksek Giriş,"1,500 TL",Eşyalı Değil,"
1,500 TL
",Merkezi,3 Katlı,Daire,Boş,3 + 1,Bugün,,Betonarme,,Kiralık,5934-2954,"Güney, ",,,,,
,1,40 Yaşında,80 m2,Bahçe Katı,"1,200 TL",Eşyalı Değil,"
1,100 TL
",Kombi,3 Katlı,Daire,Boş,2 + 1,Bugün,,,,Kiralık,5934-2968,Güney,,,,,
185 TL,1,20 Yaşında,100 m2,4. Kat,"1,700 TL",Eşyalı Değil,"
1,700 TL
",Kombi,4 Katlı,Daire,Boş,1 + 1,Bugün,Doğalgaz,Betonarme,İkinci El,Kiralık,2751-2419,"Güney, ",Evet (Site Adı Belirtilmemiş),,,,
,1,25 Yaşında,75 m2,Yüksek Giriş,"1,200 TL",Eşyalı,"
1,200 TL
",Kombi,3 Katlı,Daire,Boş,1 + 1,Bugün,Doğalgaz,Betonarme,İkinci El,Kiralık,1190-3504,Güney,,,,,
,3,5 Yaşında,180 m2,2. Kat,"17,000 TL",Eşyalı,"
17,000 TL
",Merkezi (Pay Ölçer),8 Katlı,Residence,,3 + 1,Bugün,,,,Kiralık,83743-305,,Ankara Çankaya Sitesi,,,,
35 TL,1,10 Yaşında,95 m2,Giriş Katı,750 TL,Eşyalı Değil,"
750 TL
",Kombi,4 Katlı,Daire,Boş,2 + 1,Bugün,Doğalgaz,Betonarme,İkinci El,Kiralık,63405-1248,"Güney, ",,,,,
,1,25 Yaşında,110 m2,En Üst Kat,"1,250 TL",Eşyalı Değil,"
1,250 TL
",Kombi,2 Katlı,Daire,Boş,3 + 1,Bugün,Doğalgaz,Betonarme,İkinci El,Kiralık,17197-1895,"Güney, ",,,,,
,1,25 Yaşında,120 m2,1. Kat,"1,000 TL",Eşyalı Değil,"
950 TL
",Kombi,2 Katlı,Daire,Boş,3 + 1,Bugün,Doğalgaz,Betonarme,İkinci El,Kiralık,28040-1167,"Kuzey, ",,,,,
350 TL,2,25 Yaşında,150 m2,6. Kat,"1,500 TL",Eşyalı Değil,"
1,500 TL
",Merkezi,7 Katlı,Daire,Boş,3 + 1,Bugün,Doğalgaz,Betonarme,İkinci El,Kiralık,1623-2024,Güney,,,,,
100 TL,1,22 Yaşında,130 m2,4. Kat,"1,400 TL",Eşyalı Değil,"
1,400 TL
",Kombi,4 Katlı,Daire,Boş,3 + 1,Bugün,Doğalgaz,Betonarme,İkinci El,Kiralık,22551-1077,"Doğu, ",Evet (Site Adı Belirtilmemiş),Uygun,,Kat Mülkiyeti,"1,600 TL"
30 TL,1,9 Yaşında,125 m2,1. Kat,900 TL,Eşyalı Değil,"
900 TL
",Kombi,4 Katlı,Daire,Boş,3 + 1,Bugün,Doğalgaz,,İkinci El,Kiralık,115718-147,"Kuzey, ",,,,,
50 TL,1,20 Yaşında,125 m2,2. Kat,850 TL,Eşyalı Değil,"
850 TL
",Kombi,4 Katlı,Daire,Boş,3 + 1,Bugün,Doğalgaz,Betonarme,İkinci El,Kiralık,93678-7281,"Güney, ",,,,,
30 TL,1,15 Yaşında,110 m2,En Üst Kat,"1,250 TL",Eşyalı Değil,"
1,250 TL
",Kombi,3 Katlı,Daire,Boş,3 + 1,Bugün,Doğalgaz,Betonarme,İkinci El,Kiralık,42826-273,"Güney, ",,,,,
30 TL,1,25 Yaşında,130 m2,1. Kat,"1,350 TL",Eşyalı Değil,"
1,350 TL
",Kombi,2 Katlı,Daire,Boş,3 + 1,Bugün,Doğalgaz,Betonarme,İkinci El,Kiralık,93678-7280,"Güney, ",,,,,
50 TL,1,30 Yaşında,90 m2,Kot 1,"2,600 TL",Eşyalı,"
1,300 TL
",Kombi,3 Katlı,Daire,Boş,2 + 1,Bugün,Doğalgaz,Betonarme,İkinci El,Kiralık,1248-1897,Doğu,,,,,
50 TL,1,30 Yaşında,110 m2,2. Kat,"2,500 TL",Eşyalı Değil,"
2,500 TL
",Kombi,3 Katlı,Daire,Boş,3 + 1,Bugün,Doğalgaz,Betonarme,İkinci El,Kiralık,2418-2001,Güney,,,,,
,2,12 Yaşında,165 m2,3. Kat,"3,100 TL",Eşyalı,"
3,100 TL
",Kombi,5 Katlı,Daire,Boş,4 + 1,Bugün,Doğalgaz,,,Kiralık,1468-9712,"Güney, ",,,,,
124 TL,1,8 Yaşında,94 m2,7. Kat,650 TL,Eşyalı Değil,"
650 TL
",Merkezi (Pay Ölçer),9 Katlı,Daire,Boş,2 + 1,Bugün,Doğalgaz,Betonarme,İkinci El,Kiralık,23862-12355,"Güney, ",2.Etap,,,,
30 TL,1,30 Yaşında,130 m2,Yüksek Giriş,"1,000 TL",Eşyalı Değil,"
900 TL
",Kombi,4 Katlı,Daire,Boş,3 + 1,Bugün,Doğalgaz,Betonarme,İkinci El,Kiralık,17616-721,Batı,,,,,
50 TL,1,30 Yaşında,120 m2,2. Kat,"2,000 TL",Eşyalı Değil,"
2,500 TL
",Kombi,2 Katlı,Daire,Boş,3 + 1,Bugün,Doğalgaz,,İkinci El,Kiralık,1772-390,Güney,,,,,
30 TL,1,9 Yaşında,130 m2,3. Kat,"1,000 TL",Eşyalı Değil,"
1,000 TL
",Kombi,5 Katlı,Daire,Boş,3 + 1,Bugün,Doğalgaz,,İkinci El,Kiralık,115718-144,"Güney, ",,,,,
500 TL,1,30 Yaşında,160 m2,3. Kat,"5,000 TL",Eşyalı,"
3,250 TL
",Merkezi,4 Katlı,Daire,Boş,3 + 1,Bugün,Doğalgaz,Betonarme,İkinci El,Kiralık,32120-2966,"Güney, ",,,,,
,1,35 Yaşında,115 m2,2. Kat,,Eşyalı Değil,"
1,300 TL
",Kombi,2 Katlı,Daire,Boş,4 + 1,Bugün,Doğalgaz,Betonarme,İkinci El,Kiralık,28040-1198,"Güney, ",,,,,
50 TL,1,35 Yaşında,120 m2,1. Kat,"1,650 TL",Eşyalı Değil,"
1,650 TL
",Kombi,3 Katlı,Daire,Boş,3 + 1,Bugün,Doğalgaz,Kagir,,Kiralık,69912-556,"Güney, ",,,,,
30 TL,1,8 Yaşında,140 m2,Kot 1,,Eşyalı Değil,"
850 TL
",Kombi,3 Katlı,Daire,Boş,3 + 1,Bugün,Doğalgaz,Betonarme,İkinci El,Kiralık,119882-864,"Doğu, ",,,,,
10 TL,1,35 Yaşında,125 m2,Kot 1,"1,500 TL",Eşyalı Değil,"
1,500 TL
",Kombi,3 Katlı,Daire,Boş,3 + 1,Bugün,Doğalgaz,Betonarme,İkinci El,Kiralık,1133-3633,Güney,,,,,
100 TL,1,Sıfır Bina,60 m2,2. Kat,"2,600 TL",Eşyalı Değil,"
2,600 TL
",Kombi,3 Katlı,Daire,Boş,1 + 1,Bugün,Doğalgaz,Betonarme,Sıfır,Kiralık,57374-1275,Batı,,,,,
550 TL,1,16 Yaşında,150 m2,9. Kat,"2,600 TL",Eşyalı,"
2,650 TL
",Merkezi,12 Katlı,Daire,Boş,3 + 1,Bugün,Doğalgaz,Betonarme,İkinci El,Kiralık,57374-831,Batı,,,,,
50 TL,2,20 Yaşında,150 m2,1. Kat,"1,550 TL",Eşyalı Değil,"
1,550 TL
",Kombi,3 Katlı,Daire,Boş,4 + 1,Bugün,Doğalgaz,Betonarme,İkinci El,Kiralık,37243-772,"Güney, ",,,,,
70 TL,1,Sıfır Bina,60 m2,2. Kat,"3,000 TL",Eşyalı Değil,"
2,600 TL
",Kombi,3 Katlı,Daire,Boş,1 + 1,Bugün,Doğalgaz,Betonarme,Sıfır,Kiralık,57374-1267,Batı,,,,,
,1,35 Yaşında,80 m2,Yüksek Giriş,700 TL,Eşyalı Değil,"
700 TL
",Kombi,4 Katlı,Daire,Boş,2 + 1,Bugün,Doğalgaz,Betonarme,İkinci El,Kiralık,90199-1501,Doğu,,,,,
,2,7 Yaşında,170 m2,Ara Kat,,Eşyalı,"
10,800 TL
",Merkezi (Pay Ölçer),30 Katlı,Daire,Boş,4 + 1,Bugün,Doğalgaz,,İkinci El,Kiralık,43014-2293,"Güney, ",park oran ,,,,
40 TL,1,20 Yaşında,110 m2,2. Kat,"1,350 TL",Eşyalı Değil,"
1,350 TL
",Kombi,4 Katlı,Daire,Boş,3 + 1,Bugün,Doğalgaz,Betonarme,İkinci El,Kiralık,43664-1112,,,,,,
300 TL,1,25 Yaşında,140 m2,Yüksek Giriş,"1,200 TL",Eşyalı Değil,"
1,200 TL
",Merkezi,3 Katlı,Daire,Boş,4 + 1,Bugün,Doğalgaz,Betonarme,İkinci El,Kiralık,21401-955,"Güney, ",,,,,
50 TL,1,25 Yaşında,120 m2,2. Kat,"1,250 TL",Eşyalı,"
1,250 TL
",Kombi,4 Katlı,Daire,Boş,3 + 1,Bugün,Doğalgaz,Betonarme,İkinci El,Kiralık,1623-2026,Güney,,,,,
30 TL,1,10 Yaşında,140 m2,2. Kat,900 TL,Eşyalı Değil,"
900 TL
",Kombi,3 Katlı,Daire,Boş,3 + 1,Bugün,Doğalgaz,Betonarme,İkinci El,Kiralık,63405-1165,"Güney, ",,,,,
50 TL,1,15 Yaşında,130 m2,1. Kat,"1,750 TL",Eşyalı Değil,"
1,600 TL
",Kombi,2 Katlı,Daire,Boş,3 + 1,Bugün,Doğalgaz,Betonarme,İkinci El,Kiralık,22106-432,"Güney, ",,,,,
,1,40 Yaşında,90 m2,3. Kat,,Eşyalı Değil,"
850 TL
",Kombi,3 Katlı,Daire,Boş,3 + 1,Bugün,Doğalgaz,Betonarme,İkinci El,Kiralık,28040-1160,"Güney, ",,,,,
40 TL,1,20 Yaşında,110 m2,3. Kat,"1,000 TL",Eşyalı Değil,"
1,000 TL
",Kombi,3 Katlı,Daire,Boş,3 + 1,Bugün,Doğalgaz,Betonarme,İkinci El,Kiralık,21401-990,"Kuzey, ",,,,,
,1,30 Yaşında,115 m2,Yüksek Giriş,,Eşyalı Değil,"
1,000 TL
",Kombi,5 Katlı,Daire,,2 + 1,Bugün,,,,Kiralık,90199-1477,,,Uygun,,,
500 TL,1,20 Yaşında,120 m2,4. Kat,"2,000 TL",Eşyalı Değil,"
2,000 TL
",Merkezi,8 Katlı,Daire,,3 + 1,Bugün,Doğalgaz,Betonarme,İkinci El,Kiralık,14777-4160,Güney,Evet (Site Adı Belirtilmemiş),,,,
"2,000 TL",2,8 Yaşında,210 m2,1. Kat,"30,000 TL",Eşyalı Değil,"
11,500 TL
",Merkezi,3 Katlı,Daire,Boş,4 + 1,Bugün,Doğalgaz,Betonarme,İkinci El,Kiralık,119106-19,,RÖNESANS NEVA KONAKLARI,,,,
,1,40 Yaşında,90 m2,2. Kat,"2,500 TL",Eşyalı Değil,"
1,700 TL
",Kombi,3 Katlı,Daire,Boş,3 + 1,Bugün,Doğalgaz,Betonarme,İkinci El,Kiralık,10115-1185,,,,,,
400 TL,16,40 Yaşında,120 m2,2. Kat,"2,000 TL",Eşyalı Değil,"
1,700 TL
",Merkezi,4 Katlı,Daire,Boş,3 + 1,Bugün,Doğalgaz,Betonarme,İkinci El,Kiralık,70269-771,"Güney, ",,,,,
40 TL,1,40 Yaşında,85 m2,Giriş Katı,"1,500 TL",Eşyalı Değil,"
800 TL
",Soba,4 Katlı,Daire,Boş,2 + 1,Bugün,Kömür-Odun,Betonarme,İkinci El,Kiralık,10115-1182,,,,,,
,4,5 Yaşında,280 m2,21 ve üzeri,,Eşyalı,"
28,000 TL
",Merkezi (Pay Ölçer),30 Katlı,Residence,Boş,5 + 1,Bugün,,,İkinci El,Kiralık,43014-1287,"Güney, ",PARK ORAN KONUTLARI,,,,
,2,Sıfır Bina,204 m2,6. Kat,,Eşyalı Değil,"
3,700 TL
",Merkezi (Pay Ölçer),19 Katlı,Daire,Boş,4 + 1,Bugün,Doğalgaz,Betonarme,İkinci El,Kiralık,1740-709,,BAŞKENT EMLAK KONUTLARI,,,,
357 TL,1,18 Yaşında,79 m2,5. Kat,900 TL,Eşyalı Değil,"
900 TL
",Merkezi,5 Katlı,Daire,Boş,2 + 1,Bugün,Doğalgaz,Betonarme,İkinci El,Kiralık,16744-18899,"Kuzey, ",Aktürk Sitesi,,,,
200 TL,2,15 Yaşında,204 m2,6. Kat,"5,000 TL",Eşyalı Değil,"
3,900 TL
",Kombi,9 Katlı,Daire,Kiracı Oturuyor,4 + 1,Bugün,Doğalgaz,Betonarme,İkinci El,Kiralık,91324-3363,"Güney, ",,,,,
350 TL,1,28 Yaşında,105 m2,Kot 3,900 TL,Eşyalı Değil,"
900 TL
",Merkezi,7 Katlı,Daire,Boş,2 + 1,Dün,Doğalgaz,Betonarme,İkinci El,Kiralık,6464-9817,"Doğu, ",,,,,
300 TL,1,1 Yaşında,62 m2,6. Kat,"2,000 TL",Eşyalı Değil,"
2,000 TL
",Merkezi (Pay Ölçer),36 Katlı,Daire,Boş,1 + 1,Bugün,Doğalgaz,Betonarme,Sıfır,Kiralık,3620-8585,Batı,sinpaş marina,,,,
30 TL,1,25 Yaşında,95 m2,1. Kat,"2,000 TL",Eşyalı,"
1,600 TL
",Kombi,3 Katlı,Daire,Ev Sahibi Oturuyor,2 + 1,Bugün,Doğalgaz,Betonarme,İkinci El,Kiralık,3493-25188,"Güney, ",,,,,
240 TL,2,8 Yaşında,177 m2,5. Kat,"2,350 TL",Eşyalı Değil,"
2,350 TL
",Kombi,7 Katlı,Daire,Boş,4 + 1,Bugün,,,Sıfır,Kiralık,2626-9288,,,,,,
,1,22 Yaşında,130 m2,Yüksek Giriş,950 TL,Eşyalı Değil,"
950 TL
",Soba,9 Katlı,Daire,Boş,1 + 1,Bugün,Doğalgaz,Betonarme,İkinci El,Kiralık,89814-2788,"Güney, ",,,,,
300 TL,1,1 Yaşında,65 m2,7. Kat,"1,850 TL",Eşyalı Değil,"
1,850 TL
",Merkezi (Pay Ölçer),39 Katlı,Daire,Boş,1 + 1,Bugün,Doğalgaz,Betonarme,Sıfır,Kiralık,3620-8609,Batı,MARİNA ANKARA,,,,
30 TL,1,25 Yaşında,135 m2,Giriş Katı,950 TL,Eşyalı Değil,"
1,000 TL
",Kombi,2 Katlı,Daire,Boş,3 + 1,Bugün,Doğalgaz,Betonarme,İkinci El,Kiralık,6464-9845,"Güney, ",,,,,
30 TL,1,15 Yaşında,110 m2,1. Kat,"2,000 TL",Eşyalı,"
1,700 TL
",Kombi,3 Katlı,Daire,Boş,3 + 1,Bugün,Doğalgaz,Betonarme,İkinci El,Kiralık,5733-6293,"Güney, ",,,,,
,1,4 Yaşında,55 m2,2. Kat,"2,900 TL",Eşyalı Değil,"
3,200 TL
",Merkezi (Pay Ölçer),3 Katlı,Daire,Boş,1 + 1,Bugün,,Betonarme,İkinci El,Kiralık,57374-829,Güney,,,,,
50 TL,2,15 Yaşında,139 m2,Yüksek Giriş,"1,300 TL",Eşyalı Değil,"
1,300 TL
",Kombi,4 Katlı,Daire,Boş,2 + 1,Bugün,Doğalgaz,Betonarme,İkinci El,Kiralık,2263-1114,"Güney, ",,,,,
150 TL,2,18 Yaşında,165 m2,7. Kat,"2,000 TL",Eşyalı Değil,"
2,000 TL
",Kombi,7 Katlı,Daire,Boş,4 + 1,Bugün,Doğalgaz,Betonarme,İkinci El,Kiralık,22551-1041,"Güney, ",Evet (Site Adı Belirtilmemiş),,,,
40 TL,1,25 Yaşında,95 m2,1. Kat,"1,300 TL",Eşyalı,"
1,300 TL
",Kombi,3 Katlı,Daire,Boş,2 + 1,Bugün,Doğalgaz,Betonarme,İkinci El,Kiralık,60186-3119,,,,,,
20 TL,1,40 Yaşında,115 m2,1. Kat,900 TL,Eşyalı Değil,"
900 TL
",Kombi,2 Katlı,Daire,Boş,3 + 1,Dün,Doğalgaz,Betonarme,İkinci El,Kiralık,6464-9734,"Güney, ",,,,,
189 TL,1,5 Yaşında,55 m2,1. Kat,"1,100 TL",Eşyalı Değil,"
1,100 TL
",Merkezi (Pay Ölçer),16 Katlı,Daire,Boş,1 + 1,Bugün,Doğalgaz,Betonarme,İkinci El,Kiralık,47803-3432,"Kuzey, ",FIRAT LİFE,,,,
565 TL,2,Sıfır Bina,180 m2,2. Kat,"5,000 TL",Eşyalı Değil,"
3,550 TL
",Merkezi (Pay Ölçer),30 Katlı,Daire,Boş,3 + 1,Bugün,Doğalgaz,Betonarme,Sıfır,Kiralık,96629-548,"Güney, ",BAŞKENT EMLAK KONUTLARI,,,,
300 TL,1,1 Yaşında,65 m2,7. Kat,"1,850 TL",Eşyalı Değil,"
1,850 TL
",Merkezi (Pay Ölçer),39 Katlı,Daire,Boş,1 + 1,Bugün,Doğalgaz,Betonarme,Sıfır,Kiralık,3620-8611,Batı,MARİNA ANKARA,,,,
50 TL,1,29 Yaşında,150 m2,3. Kat,,Eşyalı Değil,"
1,950 TL
",Kombi,3 Katlı,Daire,Boş,3 + 1,Dün,Doğalgaz,Betonarme,İkinci El,Kiralık,6464-9848,,,,,,
,1,19 Yaşında,120 m2,1. Kat,"2,000 TL",Eşyalı,"
2,100 TL
",Kombi,2 Katlı,Daire,Boş,3 + 1,Bugün,Doğalgaz,Betonarme,İkinci El,Kiralık,14777-4161,Güney,,,,,
650 TL,4,15 Yaşında,430 m2,,"5,350 TL",Eşyalı Değil,"
5,350 TL
",Kombi,3 Katlı,Villa,Boş,5 + 2,Bugün,Doğalgaz,Betonarme,İkinci El,Kiralık,96373-674,"Kuzey, ",Evet (Site Adı Belirtilmemiş),,,,
25 TL,1,35 Yaşında,100 m2,2. Kat,"2,500 TL",Eşyalı,"
1,850 TL
",Kombi,5 Katlı,Daire,Boş,2 + 1,Dün,Doğalgaz,,,Kiralık,15279-486,"Kuzey, ",,,,,
695 TL,2,5 Yaşında,193 m2,2. Kat,"4,000 TL",Eşyalı Değil,"
3,900 TL
",Merkezi (Pay Ölçer),13 Katlı,Daire,Boş,4 + 1,Bugün,Doğalgaz,Betonarme,İkinci El,Kiralık,96629-542,"Güney, ",SİNPAŞ ALTINORAN,,,,
750 TL,2,Sıfır Bina,100 m2,21 ve üzeri,"8,000 TL",Eşyalı,"
10,000 TL
",Merkezi (Pay Ölçer),33 Katlı,Daire,Kiracı Oturuyor,2 + 1,Bugün,Doğalgaz,Betonarme,İkinci El,Kiralık,1248-1834,Doğu,MESA 66,,,,
200 TL,1,5 Yaşında,170 m2,12. Kat,"5,000 TL",Eşyalı Değil,"
2,350 TL
",Merkezi (Pay Ölçer),13 Katlı,Daire,Boş,3 + 1,Dün,Doğalgaz,Betonarme,İkinci El,Kiralık,95047-651,"Güney, ",ÖYKÜM SİTESİ,,,,
25 TL,1,25 Yaşında,95 m2,Giriş Katı,850 TL,Eşyalı Değil,"
750 TL
",Kombi,5 Katlı,Daire,Boş,2 + 1,Bugün,Doğalgaz,Betonarme,İkinci El,Kiralık,6266-6553,Batı,,,,,
40 TL,1,35 Yaşında,80 m2,Bahçe Katı,"1,150 TL",Eşyalı Değil,"
1,150 TL
",Kombi,3 Katlı,Daire,Boş,1 + 1,Bugün,Doğalgaz,Betonarme,İkinci El,Kiralık,9595-2214,"Güney, ",,,,,
40 TL,1,21 Yaşında,120 m2,2. Kat,"1,100 TL",Eşyalı Değil,"
1,100 TL
",Kombi,3 Katlı,Daire,Boş,3 + 1,Bugün,Doğalgaz,Betonarme,İkinci El,Kiralık,17811-7253,"Güney, ",,,,,
,1,22 Yaşında,130 m2,4. Kat,"1,300 TL",Eşyalı Değil,"
1,300 TL
",Kombi,6 Katlı,Daire,Boş,3 + 1,Bugün,Doğalgaz,Betonarme,İkinci El,Kiralık,89814-2786,"Güney, ",,,,,
240 TL,2,18 Yaşında,180 m2,6. Kat,,Eşyalı Değil,"
4,500 TL
",Kombi,8 Katlı,Daire,,4 + 1,Bugün,Doğalgaz,Betonarme,İkinci El,Kiralık,73240-1694,"Güney, ",,Uygun,Hayır,,
200 TL,2,Sıfır Bina,115 m2,4. Kat,"2,500 TL",Eşyalı Değil,"
2,500 TL
",Merkezi (Pay Ölçer),7 Katlı,Daire,Boş,2 + 1,Bugün,Doğalgaz,Betonarme,Sıfır,Kiralık,49844-2219,"Kuzey, ",Evet (Site Adı Belirtilmemiş),,,,
,1,15 Yaşında,120 m2,2. Kat,900 TL,Eşyalı Değil,"
900 TL
",Kombi,3 Katlı,Daire,Boş,3 + 1,Bugün,Doğalgaz,Betonarme,İkinci El,Kiralık,104817-327,Güney,,,,,
200 TL,2,8 Yaşında,140 m2,2. Kat,"1,750 TL",Eşyalı Değil,"
1,750 TL
",Kombi,11 Katlı,Daire,Belirtilmemiş,3 + 1,Bugün,Doğalgaz,Betonarme,İkinci El,Kiralık,120111-51,"Kuzey, ",paşa evleri,,,,
230 TL,1,22 Yaşında,125 m2,1. Kat,"1,600 TL",Eşyalı Değil,"
1,500 TL
",Kombi,2 Katlı,Daire,,3 + 1,Bugün,Doğalgaz,,İkinci El,Kiralık,10557-2708,"Kuzey, ",,,,,
360 TL,1,45 Yaşında,120 m2,Bahçe Katı,"2,500 TL",Eşyalı Değil,"
2,100 TL
",Merkezi,4 Katlı,Daire,Kiracı Oturuyor,2 + 1,Bugün,Doğalgaz,Betonarme,İkinci El,Kiralık,6632-1721,"Kuzey, ",,,,,
30 TL,1,27 Yaşında,95 m2,Giriş Katı,850 TL,Eşyalı Değil,"
875 TL
",Kombi,2 Katlı,Daire,Boş,2 + 1,Bugün,Doğalgaz,Betonarme,İkinci El,Kiralık,6464-9824,"Güney, ",,,,,
300 TL,2,15 Yaşında,185 m2,Yüksek Giriş,"3,200 TL",Eşyalı Değil,"
3,200 TL
",Kombi,2 Katlı,Daire,Boş,4 + 1,Bugün,Doğalgaz,Betonarme,İkinci El,Kiralık,4367-5143,"Kuzey, ",,,,,
,1,7 Yaşında,60 m2,2. Kat,"1,650 TL",Eşyalı,"
1,650 TL
",Kombi,3 Katlı,Daire,Boş,1 + 1,Dün,Doğalgaz,,,Kiralık,15279-487,"Kuzey, ",,,,,
30 TL,1,5 Yaşında,135 m2,4. Kat,"2,500 TL",Eşyalı,"
2,500 TL
",Kombi,4 Katlı,Daire,Boş,3 + 1,Bugün,Doğalgaz,Betonarme,İkinci El,Kiralık,1955-6318,"Güney, ",,,,,
,1,35 Yaşında,120 m2,3. Kat,"1,700 TL",Eşyalı Değil,"
1,700 TL
",Merkezi,3 Katlı,Daire,Boş,3 + 1,Dün,Doğalgaz,Betonarme,İkinci El,Kiralık,3584-25807,"Güney, ",,,,,
75 TL,2,2 Yaşında,275 m2,3. Kat,"1,550 TL",Eşyalı Değil,"
1,550 TL
",Kombi,3 Katlı,Daire,Boş,6 + 1,Dün,Doğalgaz,Betonarme,İkinci El,Kiralık,95382-5501,Güney,,,,,
30 TL,1,40 Yaşında,125 m2,2. Kat,,Eşyalı Değil,"
1,500 TL
",Kombi,4 Katlı,Daire,Boş,3 + 1,Bugün,,,,Kiralık,5934-2972,,,,,,
797 TL,2,1 Yaşında,230 m2,11. Kat,"6,525 TL",Eşyalı Değil,"
4,350 TL
",Merkezi (Pay Ölçer),21 Katlı,Daire,Boş,4 + 1,Bugün,Doğalgaz,Betonarme,Sıfır,Kiralık,8316-1624,,BULVAR LOFT,,,,
150 TL,2,25 Yaşında,250 m2,,"3,000 TL",Eşyalı Değil,"
3,000 TL
",Kombi,2 Katlı,Villa,Boş,4 + 1,Bugün,Doğalgaz,Betonarme,İkinci El,Kiralık,37957-14912,"Kuzey, ",Küçük Evlerimiz villa,,,,
"1,050 TL",3,3 Yaşında,430 m2,17. Kat,,Eşyalı Değil,"
4,250 TL
",Merkezi (Pay Ölçer),17 Katlı,Daire,Boş,5 + 1,Bugün,Doğalgaz,Betonarme,Sıfır,Kiralık,2603-3581,"Kuzey, ",Evet (Site Adı Belirtilmemiş),,,,
25 TL,1,25 Yaşında,70 m2,Bahçe Katı,650 TL,Eşyalı Değil,"
650 TL
",Kombi,3 Katlı,Daire,Boş,2 + 1,Bugün,Doğalgaz,Betonarme,İkinci El,Kiralık,18806-1600,Batı,,,,,
415 TL,1,45 Yaşında,115 m2,1. Kat,"3,000 TL",Eşyalı Değil,"
1,600 TL
",Merkezi,3 Katlı,Daire,Boş,3 + 1,Bugün,,,,Kiralık,45411-673,,,,,,
"1,100 TL",2,11 Yaşında,251 m2,12. Kat,"6,200 TL",Eşyalı Değil,"
6,200 TL
",Merkezi,13 Katlı,Daire,Boş,5 + 1,Bugün,Doğalgaz,Betonarme,İkinci El,Kiralık,2888-12933,"Güney, ",312 ULUSOY CITY,,,,
100 TL,1,20 Yaşında,130 m2,3. Kat,"1,100 TL",Eşyalı Değil,"
1,100 TL
",Kombi,4 Katlı,Daire,Boş,3 + 1,Bugün,Doğalgaz,Betonarme,İkinci El,Kiralık,1264-4839,"Kuzey, ",Evet (Site Adı Belirtilmemiş),,,,
450 TL,1,25 Yaşında,180 m2,6. Kat,"3,000 TL",Eşyalı Değil,"
3,000 TL
",Merkezi,10 Katlı,Daire,Boş,3 + 1,Dün,Doğalgaz,Betonarme,İkinci El,Kiralık,4209-1885,"Kuzey, ",ÖZKOÇ,,,,
300 TL,1,23 Yaşında,110 m2,8. Kat,1 TL,Eşyalı Değil,"
1,000 TL
",Merkezi,9 Katlı,Daire,Boş,3 + 1,Bugün,Doğalgaz,Betonarme,İkinci El,Kiralık,78056-258,"Kuzey, ",ETLİK EMLAK BANKASI ,,,,
,,,,,,,,,,,,,,,,,,,,,,,,
30 TL,1,35 Yaşında,120 m2,Kot 2,"1,200 TL",Eşyalı Değil,"
1,200 TL
",Kombi,7 Katlı,Daire,Boş,3 + 1,Bugün,Doğalgaz,,,Kiralık,99750-382,"Güney, ",,,,,
150 TL,2,7 Yaşında,140 m2,5. Kat,"2,000 TL",Eşyalı Değil,"
1,850 TL
",Kombi,7 Katlı,Daire,Boş,3 + 1,Dün,Doğalgaz,Betonarme,İkinci El,Kiralık,31332-1849,"Güney, ",Gökkuşağı,,,,
250 TL,2,Sıfır Bina,230 m2,4. Kat,"5,000 TL",Eşyalı Değil,"
2,450 TL
",Merkezi (Pay Ölçer),17 Katlı,Daire,Boş,4 + 1,Bugün,Doğalgaz,Betonarme,Sıfır,Kiralık,692656-343,"Kuzey, ",KAYIKENT SİTESİ,,,,
25 TL,2,25 Yaşında,140 m2,2. Kat,"1,200 TL",Eşyalı Değil,"
1,200 TL
",Kombi,3 Katlı,Daire,Boş,3 + 1,Bugün,Doğalgaz,Betonarme,İkinci El,Kiralık,1955-6229,"Güney, ",,,,,
350 TL,1,30 Yaşında,130 m2,4. Kat,"2,200 TL",Eşyalı Değil,"
2,000 TL
",Merkezi,4 Katlı,Daire,Boş,3 + 1,Bugün,Doğalgaz,Betonarme,İkinci El,Kiralık,4181-322,"Kuzey, ",,,,,
100 TL,2,9 Yaşında,130 m2,Yüksek Giriş,"3,000 TL",Eşyalı,"
3,250 TL
",Kombi,5 Katlı,Daire,Kiracı Oturuyor,3 + 1,Bugün,Doğalgaz,Betonarme,İkinci El,Kiralık,26985-2409,"Güney, ",,,,,
891 TL,1,22 Yaşında,190 m2,Giriş Katı,"4,000 TL",Eşyalı,"
4,000 TL
",Merkezi,18 Katlı,Daire,Boş,2 + 1,Bugün,Doğalgaz,Betonarme,İkinci El,Kiralık,62356-555,"Kuzey, ",YAMAÇEVLER,,,,
,1,38 Yaşında,80 m2,3. Kat,,Eşyalı Değil,"
825 TL
",Kombi,3 Katlı,Daire,Boş,2 + 1,Bugün,Doğalgaz,Betonarme,İkinci El,Kiralık,8767-2324,"Güney, ",,,,,
,2,15 Yaşında,300 m2,3. Kat,,Eşyalı Değil,"
2,200 TL
",Kombi,3 Katlı,Daire,Boş,5 + 1,Bugün,Doğalgaz,Betonarme,İkinci El,Kiralık,35001-2983,"Güney, ",,,,,
,1,30 Yaşında,70 m2,Bahçe Katı,,Eşyalı,"
700 TL
",Belirtilmemiş,3 Katlı,Daire,Boş,2 + 1,Bugün,Elektrik,Betonarme,İkinci El,Kiralık,90199-1496,Batı,,,,,
30 TL,1,28 Yaşında,130 m2,3. Kat,"1,200 TL",Eşyalı Değil,"
1,250 TL
",Kombi,3 Katlı,Daire,Boş,3 + 1,Bugün,Doğalgaz,Betonarme,İkinci El,Kiralık,6464-9842,"Güney, ",,,,,
163 TL,1,23 Yaşında,70 m2,Giriş Katı,800 TL,Eşyalı Değil,"
800 TL
",Kombi,6 Katlı,Daire,Boş,2 + 1,Bugün,Doğalgaz,Betonarme,İkinci El,Kiralık,16744-18928,"Kuzey, ",Camlı Klima Blokları,,,,
60 TL,1,13 Yaşında,130 m2,Yüksek Giriş,"1,750 TL",Eşyalı Değil,"
1,750 TL
",Kombi,4 Katlı,Daire,Boş,3 + 1,Bugün,Doğalgaz,Betonarme,İkinci El,Kiralık,4583-14211,"Güney, ",,,,,
891 TL,1,22 Yaşında,190 m2,Giriş Katı,"4,000 TL",Eşyalı,"
4,000 TL
",Merkezi,18 Katlı,Daire,Boş,2 + 1,Bugün,Doğalgaz,Betonarme,İkinci El,Kiralık,62356-554,"Kuzey, ",YAMAÇEVLER SİTESİ,,,,
340 TL,1,40 Yaşında,95 m2,1. Kat,"3,500 TL",Eşyalı Değil,"
2,000 TL
",Merkezi,3 Katlı,Daire,Boş,3 + 1,Bugün,Doğalgaz,Betonarme,İkinci El,Kiralık,10115-1189,,,,,,
,4,12 Yaşında,540 m2,,,Eşyalı Değil,"
25,000 TL
",Kombi,3 Katlı,Villa,Boş,7 + 2,Dün,Doğalgaz,Betonarme,İkinci El,Kiralık,40002-298,"Kuzey, ",,,,,
762 TL,3,4 Yaşında,250 m2,Bahçe Katı,"20,000 TL",Eşyalı,"
11,000 TL
",Merkezi (Pay Ölçer),13 Katlı,Daire,Boş,5 + 1,Bugün,Doğalgaz,Betonarme,İkinci El,Kiralık,96629-466,"Güney, ",SİNPAŞ ALTINORAN,,,,
500 TL,1,30 Yaşında,150 m2,3. Kat,"7,000 TL",Eşyalı,"
3,700 TL
",Merkezi,3 Katlı,Daire,Belirtilmemiş,4 + 1,Bugün,Doğalgaz,Kagir,İkinci El,Kiralık,96373-766,"Güney, ",,,,,
260 TL,2,1 Yaşında,81 m2,12. Kat,,Eşyalı Değil,"
2,050 TL
",Merkezi (Pay Ölçer),17 Katlı,Daire,Boş,2 + 1,Bugün,Doğalgaz,Betonarme,,Kiralık,57012-5545,"Kuzey, ",relax yaşamkent,,,,
,1,Sıfır Bina,45 m2,En Üst Kat,"1,600 TL",Eşyalı,"
1,600 TL
",Merkezi,5 Katlı,Daire,Boş,1 + 1,Bugün,Doğalgaz,Betonarme,Sıfır,Kiralık,4077-2053,Güney,,,,,
,1,22 Yaşında,89 m2,Giriş Katı,"1,300 TL",Eşyalı Değil,"
1,300 TL
",Merkezi,4 Katlı,Daire,Boş,3 + 1,Bugün,Doğalgaz,Betonarme,İkinci El,Kiralık,16744-18920,"Güney, ",ESTON BLOKLARI,,,,
200 TL,2,20 Yaşında,190 m2,2. Kat,"3,500 TL",Eşyalı Değil,"
3,500 TL
",Kombi,10 Katlı,Daire,Boş,4 + 1,Bugün,Doğalgaz,Betonarme,İkinci El,Kiralık,6675-8070,"Kuzey, ",KELEBEK SİTESİ,,,,
240 TL,2,5 Yaşında,165 m2,3. Kat,"2,100 TL",Eşyalı Değil,"
2,100 TL
",Merkezi (Pay Ölçer),5 Katlı,Daire,Boş,4 + 1,Bugün,Doğalgaz,Betonarme,,Kiralık,3581-3717,Güney,,,,,
50 TL,1,15 Yaşında,140 m2,Yüksek Giriş,"2,500 TL",Eşyalı,"
2,500 TL
",Kombi,2 Katlı,Daire,Boş,3 + 1,Bugün,Doğalgaz,Betonarme,İkinci El,Kiralık,4367-5160,"Güney, ",,,,,
100 TL,1,35 Yaşında,135 m2,3. Kat,"1,550 TL",Eşyalı Değil,"
1,550 TL
",Kombi,6 Katlı,Daire,Boş,3 + 1,Bugün,Doğalgaz,Betonarme,İkinci El,Kiralık,9595-2097,"Güney, ",,,,,
487 TL,1,18 Yaşında,119 m2,10. Kat,"1,450 TL",Eşyalı Değil,"
1,450 TL
",Merkezi,14 Katlı,Daire,Boş,3 + 1,Bugün,Doğalgaz,Betonarme,İkinci El,Kiralık,16744-18863,"Kuzey, ",Aktürk Sitesi,,,,
50 TL,2,5 Yaşında,198 m2,3. Kat,"2,500 TL",Eşyalı Değil,"
2,500 TL
",Kombi,3 Katlı,Daire,Boş,4 + 1,Bugün,Doğalgaz,Betonarme,İkinci El,Kiralık,2430-8889,"Güney, ",,,,,
25 TL,1,35 Yaşında,80 m2,Yüksek Giriş,"2,500 TL",Eşyalı,"
1,550 TL
",Kombi,2 Katlı,Daire,Boş,1 + 1,Dün,Doğalgaz,Kagir,İkinci El,Kiralık,2120-391,Batı,,,,,
,1,28 Yaşında,115 m2,1. Kat,"1,000 TL",Eşyalı Değil,"
1,000 TL
",Kombi,2 Katlı,Daire,Boş,3 + 1,Bugün,Doğalgaz,Betonarme,İkinci El,Kiralık,6464-9843,,,,,,
150 TL,1,7 Yaşında,151 m2,Bahçe Katı,"1,750 TL",Eşyalı Değil,"
1,750 TL
",Kombi,5 Katlı,Daire,Boş,3 + 1,Bugün,Doğalgaz,Betonarme,Sıfır,Kiralık,8316-1902,"Güney, ",,,,,
50 TL,1,25 Yaşında,130 m2,6. Kat,"1,350 TL",Eşyalı Değil,"
1,350 TL
",Kombi,10 Katlı,Daire,Boş,3 + 1,Bugün,Doğalgaz,Betonarme,İkinci El,Kiralık,64462-1212,"Kuzey, ",,,,,
30 TL,1,28 Yaşında,90 m2,Giriş Katı,,Eşyalı Değil,"
1,300 TL
",Kombi,2 Katlı,Daire,Boş,3 + 1,Bugün,Doğalgaz,Betonarme,İkinci El,Kiralık,4209-1828,"Kuzey, ",,,,,
725 TL,2,35 Yaşında,180 m2,1. Kat,"2,500 TL",Eşyalı Değil,"
2,500 TL
",Merkezi,3 Katlı,Daire,Boş,4 + 1,Bugün,Doğalgaz,Betonarme,İkinci El,Kiralık,18054-3785,Güney,,,,,
240 TL,2,10 Yaşında,151 m2,4. Kat,"1,950 TL",Eşyalı Değil,"
1,950 TL
",Kombi,8 Katlı,Daire,Boş,3 + 1,Bugün,Doğalgaz,Betonarme,İkinci El,Kiralık,4932-2635,"Güney, ",SARIKENT 1,,,,
40 TL,1,50 Yaşında,75 m2,Bahçe Katı,"1,500 TL",Eşyalı Değil,"
850 TL
",Kombi,2 Katlı,Daire,Boş,2 + 1,Bugün,Doğalgaz,Betonarme,İkinci El,Kiralık,10115-1190,,,,,,
50 TL,2,9 Yaşında,135 m2,1. Kat,"3,500 TL",Eşyalı Değil,"
1,750 TL
",Kombi,2 Katlı,Daire,Boş,3 + 1,Bugün,Doğalgaz,Betonarme,,Kiralık,3581-3674,"Doğu, ",,,,,
762 TL,3,4 Yaşında,250 m2,Bahçe Katı,"20,000 TL",Eşyalı,"
11,000 TL
",Merkezi (Pay Ölçer),13 Katlı,Daire,Boş,4 + 1,Bugün,Doğalgaz,Betonarme,İkinci El,Kiralık,96629-453,"Güney, ",SİNPAŞ ALTINORAN,,,,
30 TL,1,31 Yaşında,100 m2,Giriş Katı,,Eşyalı,"
2,500 TL
",Kombi,2 Katlı,Daire,Boş,2 + 1,Bugün,Doğalgaz,Betonarme,İkinci El,Kiralık,44819-1695,"Kuzey, ",,,,,
50 TL,1,20 Yaşında,125 m2,4. Kat,"1,100 TL",Eşyalı Değil,"
1,100 TL
",Kombi,4 Katlı,Daire,Boş,3 + 1,Bugün,Doğalgaz,Betonarme,İkinci El,Kiralık,102959-600,"Kuzey, ",,,,,
,3,20 Yaşında,500 m2,,,Eşyalı Değil,"
25,000 TL
",Merkezi,4 Katlı,Villa,Boş,5 + 3,Dün,Doğalgaz,,,Kiralık,4835-7475,,,,,,
320 TL,1,2 Yaşında,90 m2,1. Kat,"3,600 TL",Eşyalı,"
1,850 TL
",Merkezi (Pay Ölçer),20 Katlı,Daire,Boş,1 + 1,Dün,Doğalgaz,Betonarme,Sıfır,Kiralık,3620-8620,Doğu,İNCEK TOKİ 2.ETAP,,,,
,5,23 Yaşında,650 m2,,"40,000 TL",Eşyalı Değil,"
40,000 TL
",Kat Kaloriferi,3 Katlı,Villa,Boş,6 + 1,Bugün,Doğalgaz,Betonarme,İkinci El,Kiralık,62574-2498,"Kuzey, ",FUNDA BEYAZEVLER SİTESİ,,,,
40 TL,1,25 Yaşında,125 m2,Giriş Katı,"1,000 TL",Eşyalı Değil,"
1,050 TL
",Kombi,3 Katlı,Daire,Boş,3 + 1,Dün,Doğalgaz,Betonarme,İkinci El,Kiralık,6464-9803,"Güney, ",,,,,
400 TL,1,30 Yaşında,110 m2,3. Kat,"1,850 TL",Eşyalı Değil,"
1,850 TL
",Merkezi,3 Katlı,Daire,Boş,2 + 1,Bugün,Doğalgaz,Betonarme,İkinci El,Kiralık,9595-2224,"Kuzey, ",,,,,
20 TL,1,20 Yaşında,95 m2,Yüksek Giriş,"1,100 TL",Eşyalı Değil,"
1,100 TL
",Kombi,3 Katlı,Daire,Boş,2 + 1,Dün,Doğalgaz,Betonarme,İkinci El,Kiralık,96259-368,Güney,,,,,
25 TL,1,25 Yaşında,110 m2,2. Kat,925 TL,Eşyalı Değil,"
925 TL
",Kombi,3 Katlı,Daire,Boş,3 + 1,Bugün,Doğalgaz,Betonarme,İkinci El,Kiralık,18806-1599,Doğu,,,,,
300 TL,1,1 Yaşında,65 m2,7. Kat,"1,850 TL",Eşyalı Değil,"
1,850 TL
",Merkezi (Pay Ölçer),39 Katlı,Daire,Boş,1 + 1,Bugün,Doğalgaz,Betonarme,Sıfır,Kiralık,3620-8616,Batı,MARİNA ANKARA,,,,
100 TL,1,35 Yaşında,120 m2,2. Kat,"2,500 TL",Eşyalı,"
2,300 TL
",Kombi,3 Katlı,Daire,Boş,3 + 1,Bugün,Doğalgaz,Betonarme,İkinci El,Kiralık,5042-3045,Doğu,,,,,
35 TL,1,28 Yaşında,120 m2,1. Kat,"1,100 TL",Eşyalı Değil,"
1,100 TL
",Kombi,2 Katlı,Daire,Boş,3 + 1,Bugün,Doğalgaz,Betonarme,İkinci El,Kiralık,6464-9815,"Güney, ",,,,,
,1,10 Yaşında,135 m2,1. Kat,"5,500 TL",Eşyalı,"
2,800 TL
",Kombi,3 Katlı,Daire,Boş,3 + 1,Bugün,Doğalgaz,Betonarme,İkinci El,Kiralık,99900-697,"Güney, ",,,,,
280 TL,1,12 Yaşında,100 m2,3. Kat,"10,000 TL",Eşyalı,"
6,200 TL
",Kombi,12 Katlı,Daire,,2 + 1,Bugün,Doğalgaz,Betonarme,İkinci El,Kiralık,4937-4987,Doğu,Evet (Site Adı Belir,,,,
140 TL,2,11 Yaşında,275 m2,6. Kat,"2,000 TL",Eşyalı Değil,"
2,000 TL
",Kombi,6 Katlı,Daire,Boş,5 + 1,Bugün,Doğalgaz,Betonarme,İkinci El,Kiralık,8053-2407,"Kuzey, ",,,,,
200 TL,2,14 Yaşında,170 m2,6. Kat,"3,500 TL",Eşyalı Değil,"
3,500 TL
",Kombi,7 Katlı,Daire,Boş,4 + 1,Bugün,Doğalgaz,Betonarme,İkinci El,Kiralık,91324-3374,"Kuzey, ",,,,,
550 TL,3,15 Yaşında,280 m2,Villa Katı,"14,500 TL",Eşyalı Değil,"
14,500 TL
",Kombi,3 Katlı,Villa,Boş,4 + 2,Bugün,Doğalgaz,Betonarme,İkinci El,Kiralık,4337-2115,Doğu,,,,,
625 TL,1,10 Yaşında,75 m2,Kot 1,"4,500 TL",Eşyalı,"
4,500 TL
",Merkezi,15 Katlı,Daire,Boş,1 + 1,Bugün,Doğalgaz,Betonarme,İkinci El,Kiralık,18054-3824,"Güney, ",MESA KOZA SİTESİ ,,,,
418 TL,1,18 Yaşında,119 m2,13. Kat,"1,450 TL",Eşyalı Değil,"
1,450 TL
",Merkezi,14 Katlı,Daire,Boş,3 + 1,Bugün,Doğalgaz,Betonarme,İkinci El,Kiralık,16744-18802,"Güney, ",SUTEK SİTESİ,,,,
100 TL,2,20 Yaşında,200 m2,Giriş Katı,"2,100 TL",Eşyalı Değil,"
2,100 TL
",Kombi,4 Katlı,Daire,Boş,4 + 1,Bugün,Doğalgaz,Betonarme,İkinci El,Kiralık,47587-939,,,,,,
"1,250 TL",4,2 Yaşında,550 m2,,"15,000 TL",Eşyalı Değil,"
14,000 TL
",Kombi,3 Katlı,Villa,Boş,7 + 2,Bugün,Doğalgaz,Betonarme,İkinci El,Kiralık,26985-2419,"Kuzey, ",Evet (Site Adı Belirtilmemiş),,,,
20 TL,1,30 Yaşında,50 m2,,750 TL,Eşyalı,"
750 TL
",Kombi,3 Katlı,Müstakil Ev,Boş,1 + 1,Bugün,Doğalgaz,Betonarme,İkinci El,Kiralık,1442-9784,"Güney, ",ÖZCAN EMLAK,,,,
242 TL,1,28 Yaşında,95 m2,Yüksek Giriş,"2,350 TL",Eşyalı Değil,"
2,350 TL
",Merkezi,3 Katlı,Daire,Boş,2 + 1,Bugün,Doğalgaz,Betonarme,Sıfır,Kiralık,9595-2244,"Güney, ",,,,,
50 TL,1,30 Yaşında,85 m2,1. Kat,"1,450 TL",Eşyalı Değil,"
1,450 TL
",Kombi,3 Katlı,Daire,Boş,2 + 1,Bugün,Doğalgaz,Kagir,İkinci El,Kiralık,88053-3733,Kuzey,,,,,
35 TL,1,35 Yaşında,100 m2,5. Kat,"2,000 TL",Eşyalı Değil,"
1,700 TL
",Kombi,5 Katlı,Daire,Boş,2 + 1,Dün,Doğalgaz,,,Kiralık,15279-478,"Kuzey, ",,,,,
40 TL,1,30 Yaşında,125 m2,3. Kat,"3,000 TL",Eşyalı,"
2,400 TL
",Kombi,3 Katlı,Daire,Boş,3 + 1,Bugün,Doğalgaz,Betonarme,İkinci El,Kiralık,32665-925,"Güney, ",,,,,
690 TL,1,20 Yaşında,160 m2,4. Kat,"5,000 TL",Eşyalı Değil,"
2,750 TL
",Merkezi,6 Katlı,Daire,Boş,3 + 1,Bugün,Doğalgaz,Betonarme,İkinci El,Kiralık,8316-1945,"Kuzey, ",MESA ÇAMYOLU,,,,
360 TL,1,17 Yaşında,98 m2,1. Kat,"1,150 TL",Eşyalı Değil,"
1,150 TL
",Merkezi,14 Katlı,Daire,Boş,2 + 1,Bugün,Doğalgaz,Betonarme,İkinci El,Kiralık,21685-1978,"Kuzey, ",ILGAZLAR ,,,,
30 TL,1,10 Yaşında,100 m2,Bahçe Katı,900 TL,Eşyalı Değil,"
850 TL
",Kombi,3 Katlı,Daire,Boş,2 + 1,Bugün,Doğalgaz,Betonarme,İkinci El,Kiralık,99900-643,Batı,,,,,
221 TL,1,22 Yaşında,49 m2,4. Kat,900 TL,Eşyalı Değil,"
900 TL
",Merkezi,6 Katlı,Daire,Boş,1 + 1,Bugün,Doğalgaz,Betonarme,İkinci El,Kiralık,16744-18929,Kuzey,Haznedaroğlu Blokları,,,,
250 TL,2,16 Yaşında,185 m2,5. Kat,"3,250 TL",Eşyalı Değil,"
3,250 TL
",Kombi,6 Katlı,Daire,Boş,4 + 1,Bugün,Doğalgaz,Betonarme,İkinci El,Kiralık,39679-596,"Güney, ",,,,,
150 TL,2,30 Yaşında,200 m2,2. Kat,"6,000 TL",Eşyalı Değil,"
3,000 TL
",Kombi,3 Katlı,Daire,Boş,4 + 1,Bugün,Doğalgaz,Betonarme,İkinci El,Kiralık,4367-5142,"Güney, ",,,,,
280 TL,1,25 Yaşında,130 m2,1. Kat,"1,800 TL",Eşyalı Değil,"
1,800 TL
",Merkezi,3 Katlı,Daire,Kiracı Oturuyor,3 + 1,Bugün,Doğalgaz,Betonarme,İkinci El,Kiralık,14072-11340,"Güney, ",,,,,
25 TL,1,35 Yaşında,85 m2,Yüksek Giriş,"1,550 TL",Eşyalı,"
1,550 TL
",Kombi,2 Katlı,Daire,Boş,1 + 1,Dün,Doğalgaz,Kagir,İkinci El,Kiralık,2120-367,Batı,,,,,
"2,000 TL",1,25 Yaşında,120 m2,2. Kat,"2,000 TL",Eşyalı Değil,"
1,850 TL
",Kombi,2 Katlı,Daire,Boş,3 + 1,Bugün,Doğalgaz,Betonarme,İkinci El,Kiralık,3897-1576,"Kuzey, ",,,,,
200 TL,2,10 Yaşında,195 m2,4. Kat,"2,000 TL",Eşyalı,"
1,500 TL
",Merkezi,14 Katlı,Daire,Boş,4 + 1,Bugün,Doğalgaz,Betonarme,İkinci El,Kiralık,76781-1480,"Güney, ",Evet (Site Adı Belirtilmemiş),,,,
350 TL,2,20 Yaşında,150 m2,8. Kat,"4,000 TL",Eşyalı,"
4,000 TL
",Kombi,9 Katlı,Daire,Boş,4 + 1,Dün,Doğalgaz,Betonarme,İkinci El,Kiralık,46993-916,"Güney, ",üçgenevler,,,,
320 TL,1,2 Yaşında,90 m2,1. Kat,"3,600 TL",Eşyalı,"
1,850 TL
",Merkezi (Pay Ölçer),20 Katlı,Daire,Boş,1 + 1,Dün,Doğalgaz,Betonarme,İkinci El,Kiralık,3620-8621,Doğu,İNCEK TOKİ 2.ETAP,,,,
352 TL,1,22 Yaşında,90 m2,2. Kat,"1,200 TL",Eşyalı Değil,"
1,200 TL
",Merkezi,5 Katlı,Daire,Boş,2 + 1,Bugün,Doğalgaz,Betonarme,İkinci El,Kiralık,47803-3430,"Kuzey, ",KUR,,,,
150 TL,2,15 Yaşında,140 m2,4. Kat,"1,500 TL",Eşyalı Değil,"
1,500 TL
",Kombi,8 Katlı,Daire,Boş,3 + 1,Bugün,Doğalgaz,Betonarme,İkinci El,Kiralık,5338-6691,"Kuzey, ",DİGER,,,,
80 TL,1,45 Yaşında,120 m2,Yüksek Giriş,"3,000 TL",Eşyalı Değil,"
1,500 TL
",Kombi,3 Katlı,Daire,Kiracı Oturuyor,3 + 1,Bugün,Doğalgaz,Betonarme,İkinci El,Kiralık,10115-1168,,,,,,
,1,4 Yaşında,120 m2,3. Kat,"2,000 TL",Eşyalı Değil,"
1,050 TL
",Kombi,3 Katlı,Daire,Boş,3 + 1,Bugün,Doğalgaz,Betonarme,İkinci El,Kiralık,121128-243,Güney,,,,,
,1,8 Yaşında,125 m2,Ara Kat,,Eşyalı,"
7,500 TL
",Merkezi (Pay Ölçer),30 Katlı,Daire,Boş,2 + 1,Bugün,Doğalgaz,,İkinci El,Kiralık,43014-2273,"Güney, ",park oran ,,,,
30 TL,1,16 Yaşında,135 m2,9. Kat,900 TL,Eşyalı Değil,"
900 TL
",Kombi,9 Katlı,Daire,Boş,3 + 1,Dün,Doğalgaz,Betonarme,İkinci El,Kiralık,96259-413,"Güney, ",,,,,
40 TL,1,5 Yaşında,120 m2,Bahçe Katı,650 TL,Eşyalı Değil,"
650 TL
",Kombi,3 Katlı,Daire,Boş,2 + 1,Dün,Doğalgaz,Betonarme,İkinci El,Kiralık,113388-702,Batı,,,,,
441 TL,2,17 Yaşında,115 m2,Giriş Katı,"1,600 TL",Eşyalı Değil,"
1,600 TL
",Merkezi,14 Katlı,Daire,Boş,3 + 1,Bugün,Doğalgaz,Betonarme,İkinci El,Kiralık,21685-1994,"Güney, ",KUR SİTESİ ,,,,
50 TL,1,27 Yaşında,135 m2,2. Kat,"1,600 TL",Eşyalı Değil,"
1,600 TL
",Kombi,3 Katlı,Daire,Boş,3 + 1,Bugün,Doğalgaz,Betonarme,İkinci El,Kiralık,6464-9844,Batı,,,,,
50 TL,2,20 Yaşında,250 m2,2. Kat,"2,250 TL",Eşyalı Değil,"
2,400 TL
",Kombi,2 Katlı,Daire,Boş,5 + 1,Dün,Doğalgaz,Betonarme,İkinci El,Kiralık,6464-9666,,,,,,
30 TL,1,20 Yaşında,110 m2,Bahçe Katı,600 TL,Eşyalı Değil,"
600 TL
",Kombi,3 Katlı,Daire,Boş,3 + 1,Bugün,Doğalgaz,Betonarme,İkinci El,Kiralık,1955-6292,"Güney, ",,,,,
20 TL,1,30 Yaşında,120 m2,1. Kat,"1,250 TL",Eşyalı,"
1,250 TL
",Kombi,2 Katlı,Daire,,3 + 1,Bugün,Doğalgaz,Kagir,İkinci El,Kiralık,69104-1033,"Doğu, ",,,,,
350 TL,1,Sıfır Bina,70 m2,1. Kat,"1,500 TL",Eşyalı Değil,"
1,500 TL
",Merkezi (Pay Ölçer),13 Katlı,Daire,Boş,1 + 1,Bugün,Doğalgaz,Betonarme,Sıfır,Kiralık,118360-446,Güney,Oyak Göksupark,,,,
,2,4 Yaşında,145 m2,Yüksek Giriş,"2,500 TL",Eşyalı Değil,"
1,650 TL
",Kombi,3 Katlı,Daire,Boş,3 + 1,Bugün,Doğalgaz,Betonarme,İkinci El,Kiralık,61156-5263,,,,,,
,1,5 Yaşında,180 m2,En Üst Kat,,Eşyalı Değil,"
1,200 TL
",Kombi,3 Katlı,Daire,Boş,5 + 1,Bugün,Doğalgaz,Betonarme,İkinci El,Kiralık,121942-59,"Güney, ",,,,,
100 TL,1,2 Yaşında,165 m2,4. Kat,"2,850 TL",Eşyalı Değil,"
2,700 TL
",Kombi,5 Katlı,Daire,Belirtilmemiş,3 + 1,Dün,Doğalgaz,Betonarme,İkinci El,Kiralık,2626-9241,"Güney, ",,,,,
30 TL,1,25 Yaşında,125 m2,1. Kat,"1,500 TL",Eşyalı Değil,"
1,500 TL
",Kombi,3 Katlı,Daire,Boş,3 + 1,Bugün,Doğalgaz,Betonarme,İkinci El,Kiralık,14072-11332,Doğu,,,,,
,1,15 Yaşında,100 m2,Giriş Katı,700 TL,Eşyalı Değil,"
700 TL
",Kombi,3 Katlı,Daire,Boş,3 + 1,Bugün,Doğalgaz,Betonarme,İkinci El,Kiralık,25673-6277,Batı,,,,,
70 TL,1,7 Yaşında,125 m2,9. Kat,"2,000 TL",Eşyalı Değil,"
1,500 TL
",Kombi,9 Katlı,Daire,Boş,3 + 1,Dün,Doğalgaz,Betonarme,İkinci El,Kiralık,42144-6171,"Doğu, ",Evet (Site Adı Belirtilmemiş),,,,
50 USD,1,30 Yaşında,110 m2,5. Kat,"1,000 EUR",Eşyalı Değil,"
2,450 TL
",Merkezi,7 Katlı,Daire,Kiracı Oturuyor,2 + 1,Bugün,Doğalgaz,Betonarme,İkinci El,Kiralık,17943-1218,"Güney, ",,,,,
120 TL,1,20 Yaşında,135 m2,1. Kat,,Eşyalı,"
10,000 TL
",Kombi,4 Katlı,Daire,Boş,3 + 1,Bugün,Doğalgaz,Betonarme,Sıfır,Kiralık,2888-12957,"Güney, ",,,,,
,1,10 Yaşında,90 m2,1. Kat,"1,000 TL",Eşyalı Değil,"
800 TL
",Kombi,3 Katlı,Daire,Boş,2 + 1,Bugün,Doğalgaz,Betonarme,İkinci El,Kiralık,25673-6248,"Güney, ",,,,,
220 TL,1,30 Yaşında,120 m2,1. Kat,"2,000 TL",Eşyalı Değil,"
2,000 TL
",Merkezi,3 Katlı,Daire,Boş,3 + 1,Bugün,Doğalgaz,Betonarme,İkinci El,Kiralık,9595-2021,"Güney, ",,,,,
140 TL,1,30 Yaşında,135 m2,3. Kat,"1,800 TL",Eşyalı Değil,"
1,800 TL
",Kombi,6 Katlı,Daire,Boş,3 + 1,Bugün,Doğalgaz,,,Kiralık,99750-372,"Kuzey, ",,,,,
100 TL,1,15 Yaşında,135 m2,2. Kat,"1,750 TL",Eşyalı Değil,"
1,700 TL
",Kombi,4 Katlı,Daire,Boş,3 + 1,Bugün,Doğalgaz,,İkinci El,Kiralık,102959-579,"Kuzey, ",,,,,
30 TL,1,12 Yaşında,135 m2,2. Kat,800 TL,Eşyalı Değil,"
800 TL
",Kombi,3 Katlı,Daire,Boş,3 + 1,Bugün,Doğalgaz,Betonarme,İkinci El,Kiralık,34109-3772,Güney,,,,,
,1,38 Yaşında,85 m2,2. Kat,,Eşyalı Değil,"
850 TL
",Kombi,3 Katlı,Daire,Boş,2 + 1,Bugün,Doğalgaz,Betonarme,İkinci El,Kiralık,8767-2349,Kuzey,,,,,
150 TL,2,10 Yaşında,130 m2,2. Kat,"1,500 TL",Eşyalı Değil,"
1,500 TL
",Kombi,7 Katlı,Daire,Boş,3 + 1,Dün,Doğalgaz,Betonarme,İkinci El,Kiralık,2626-9223,"Güney, ",Evet (Site Adı Belirtilmemiş),,,,
30 TL,1,30 Yaşında,115 m2,2. Kat,"1,000 TL",Eşyalı Değil,"
1,000 TL
",Kombi,3 Katlı,Daire,Boş,3 + 1,Bugün,Doğalgaz,Betonarme,İkinci El,Kiralık,68764-956,"Kuzey, ",,,,,
25 TL,1,38 Yaşında,60 m2,Giriş Katı,"2,000 TL",Eşyalı,"
1,250 TL
",Kombi,2 Katlı,Daire,Boş,1 + 1,Dün,Doğalgaz,Kagir,İkinci El,Kiralık,2120-440,Batı,,,,,
450 TL,1,32 Yaşında,110 m2,Kot 1,"1,800 TL",Eşyalı Değil,"
1,800 TL
",Merkezi,4 Katlı,Daire,Boş,2 + 1,Bugün,Doğalgaz,Betonarme,İkinci El,Kiralık,9595-2272,"Kuzey, ",,,,,
50 TL,1,20 Yaşında,95 m2,Kot 2,"1,250 TL",Eşyalı,"
1,250 TL
",Kombi,5 Katlı,Daire,Boş,2 + 1,Bugün,Doğalgaz,Betonarme,İkinci El,Kiralık,5274-2626,Batı,,,,,
825 TL,2,28 Yaşında,226 m2,1. Kat,,Eşyalı Değil,"
3,900 TL
",Merkezi,4 Katlı,Daire,Boş,4 + 1,Bugün,Doğalgaz,Betonarme,İkinci El,Kiralık,57012-5553,"Kuzey, ",,,,,
50 TL,1,35 Yaşında,100 m2,10. Kat,"2,500 TL",Eşyalı Değil,"
1,800 TL
",Kombi,14 Katlı,Daire,Boş,2 + 1,Dün,,,,Kiralık,15279-482,"Kuzey, ",,,,,
,2,5 Yaşında,200 m2,Giriş Katı,,Eşyalı,"
4,950 TL
",Merkezi (Pay Ölçer),10 Katlı,Daire,Boş,4 + 1,Bugün,Doğalgaz,Betonarme,İkinci El,Kiralık,57012-5409,"Kuzey, ",YAKUT PARK,,,,
50 TL,1,11 Yaşında,110 m2,Kot 1,"1,100 TL",Eşyalı Değil,"
1,100 TL
",Kombi,3 Katlı,Daire,Boş,3 + 1,Bugün,Doğalgaz,Betonarme,İkinci El,Kiralık,70180-2932,Güney,,,,,
100 TL,1,5 Yaşında,90 m2,Bahçe Katı,,Eşyalı Değil,"
2,150 TL
",Kombi,3 Katlı,Daire,,2 + 1,Bugün,,,,Kiralık,16512-2092,,,,,,
50 TL,1,14 Yaşında,130 m2,Kot 1,"1,175 TL",Eşyalı Değil,"
1,200 TL
",Kombi,4 Katlı,Daire,Boş,3 + 1,Bugün,Doğalgaz,Betonarme,İkinci El,Kiralık,7705-4576,Batı,,,,,
100 TL,3,Sıfır Bina,280 m2,2. Kat,"5,000 TL",Eşyalı Değil,"
4,500 TL
",Kombi,2 Katlı,Daire,Boş,4 + 1,Bugün,Doğalgaz,Betonarme,Sıfır,Kiralık,63728-2486,"Güney, ",,,,,
475 TL,1,35 Yaşında,125 m2,4. Kat,"2,500 TL",Eşyalı Değil,"
2,500 TL
",Merkezi,4 Katlı,Daire,Boş,3 + 1,Bugün,Doğalgaz,Betonarme,,Kiralık,1170-4901,"Kuzey, ",KIRLANGIÇ EVLERİ,,,,
450 TL,1,40 Yaşında,125 m2,2. Kat,"4,000 TL",Eşyalı Değil,"
2,000 TL
",Merkezi,3 Katlı,Daire,Boş,3 + 1,Bugün,Doğalgaz,Yığma,İkinci El,Kiralık,11065-1651,"Kuzey, ",,,,,
50 TL,2,16 Yaşında,155 m2,2. Kat,"2,500 TL",Eşyalı Değil,"
2,000 TL
",Kombi,5 Katlı,Daire,Boş,4 + 1,Bugün,Doğalgaz,Betonarme,İkinci El,Kiralık,96629-520,"Kuzey, ",,,,,
,1,35 Yaşında,130 m2,3. Kat,"1,750 TL",Eşyalı Değil,"
1,750 TL
",Kombi,3 Katlı,Daire,Boş,3 + 1,Bugün,Doğalgaz,Betonarme,İkinci El,Kiralık,73240-1587,"Kuzey, ",,,,,
150 TL,1,7 Yaşında,151 m2,3. Kat,"1,850 TL",Eşyalı Değil,"
1,850 TL
",Kombi,5 Katlı,Daire,Boş,3 + 1,Bugün,Doğalgaz,Betonarme,Sıfır,Kiralık,8316-1903,"Güney, ",,,,,
750 TL,2,15 Yaşında,160 m2,Ara Kat,"9,300 TL",Eşyalı,"
9,300 TL
",Merkezi,10 Katlı,Daire,,4 + 1,Bugün,Doğalgaz,Betonarme,İkinci El,Kiralık,4337-2635,"Güney, ",Mesa Akasya,,,,
70 TL,1,10 Yaşında,120 m2,3. Kat,"1,800 TL",Eşyalı,"
1,800 TL
",Kombi,4 Katlı,Daire,Boş,3 + 1,Bugün,Doğalgaz,Betonarme,İkinci El,Kiralık,4110-2054,"Güney, ",,,,,
30 TL,1,45 Yaşında,85 m2,,"4,000 TL",Eşyalı,"
2,850 TL
",Kombi,,Daire,Boş,2 + 1,Bugün,Doğalgaz,,İkinci El,Kiralık,87775-386,"Kuzey, ",,,,,
50 TL,1,16 Yaşında,135 m2,2. Kat,"1,650 TL",Eşyalı Değil,"
1,650 TL
",Kombi,3 Katlı,Daire,Boş,3 + 1,Bugün,Doğalgaz,Betonarme,İkinci El,Kiralık,99900-699,"Güney, ",,,,,
450 TL,1,28 Yaşında,145 m2,Yüksek Giriş,"2,600 TL",Eşyalı Değil,"
2,600 TL
",Merkezi,4 Katlı,Daire,Kiracı Oturuyor,3 + 1,Dün,Doğalgaz,Betonarme,İkinci El,Kiralık,4367-5134,"Güney, ",,,,,
350 TL,3,8 Yaşında,215 m2,14. Kat,"9,000 TL",Eşyalı Değil,"
4,500 TL
",Merkezi (Pay Ölçer),14 Katlı,Daire,Boş,4 + 1,Bugün,Doğalgaz,Betonarme,İkinci El,Kiralık,3044-2641,"Güney, ",CRYSTAL TOWERS,,,,
160 TL,1,10 Yaşında,120 m2,4. Kat,675 TL,Eşyalı Değil,"
 675 TL
",Merkezi (Pay Ölçer),10 Katlı,Daire,Boş,3 + 1,Bugün,Doğalgaz,Betonarme,İkinci El,Kiralık,39997-4039,"Güney, ",,,,,
50 TL,1,35 Yaşında,75 m2,Kot 1,"1,250 TL",Eşyalı Değil,"
1,250 TL
",Kombi,5 Katlı,Daire,Kiracı Oturuyor,2 + 1,Bugün,Doğalgaz,Betonarme,İkinci El,Kiralık,5235-8521,"Güney, ",,,,,
,2,2 Yaşında,160 m2,3. Kat,,Eşyalı Değil,"
1,200 TL
",Kombi,6 Katlı,Daire,,3 + 1,Bugün,Doğalgaz,,,Kiralık,41594-1485,"Güney, ",,,,,
,2,7 Yaşında,152 m2,3. Kat,"1,700 TL",Eşyalı Değil,"
1,700 TL
",Kombi,9 Katlı,Daire,Boş,3 + 1,Bugün,Doğalgaz,Betonarme,İkinci El,Kiralık,111749-789,,Evet (Site Adı Belirtilmemiş),,,,
150 TL,1,35 Yaşında,55 m2,Bahçe Katı,"1,100 TL",Eşyalı Değil,"
1,100 TL
",Merkezi,3 Katlı,Daire,Boş,1 + 1,Bugün,Doğalgaz,Betonarme,İkinci El,Kiralık,4209-1961,"Güney, ",,,,,
,2,18 Yaşında,200 m2,4. Kat,"2,750 TL",Eşyalı Değil,"
2,750 TL
",Kombi,4 Katlı,Daire,Boş,4 + 1,Bugün,Doğalgaz,Betonarme,İkinci El,Kiralık,49844-2220,"Kuzey, ",,,,,
250 TL,1,25 Yaşında,100 m2,Yüksek Giriş,"1,700 TL",Eşyalı,"
1,700 TL
",Merkezi,3 Katlı,Daire,Boş,2 + 1,Bugün,Doğalgaz,Betonarme,İkinci El,Kiralık,1300-5410,"Kuzey, ",,,,,
360 TL,1,2 Yaşında,65 m2,1. Kat,"6,300 TL",Eşyalı,"
6,000 TL
",Merkezi (Pay Ölçer),5 Katlı,Daire,Boş,1 + 1,Dün,Doğalgaz,Betonarme,İkinci El,Kiralık,46993-890,"Güney, ",,,,,
30 TL,1,20 Yaşında,85 m2,Kot 1,800 TL,Eşyalı Değil,"
800 TL
",Kombi,3 Katlı,Daire,Boş,2 + 1,Bugün,Doğalgaz,Betonarme,İkinci El,Kiralık,46649-9225,,,,,,
25 TL,1,10 Yaşında,145 m2,1. Kat,"1,000 TL",Eşyalı Değil,"
950 TL
",Kombi,3 Katlı,Daire,Boş,3 + 1,Bugün,Doğalgaz,Betonarme,İkinci El,Kiralık,117162-175,"Kuzey, ",,,,,
100 TL,2,Sıfır Bina,185 m2,3. Kat,"2,200 TL",Eşyalı Değil,"
2,200 TL
",Merkezi (Pay Ölçer),15 Katlı,Daire,Boş,4 + 1,Bugün,Doğalgaz,Betonarme,Sıfır,Kiralık,18865-3358,"Güney, ",DENİZ PARK SİTESİ,,,,
125 TL,2,20 Yaşında,135 m2,Yüksek Giriş,"2,500 TL",Eşyalı Değil,"
1,800 TL
",Kombi,3 Katlı,Daire,Boş,3 + 1,Bugün,Doğalgaz,Betonarme,İkinci El,Kiralık,69702-650,"Kuzey, ",,,,,
,1,10 Yaşında,105 m2,1. Kat,,Eşyalı Değil,"
775 TL
",Kombi,3 Katlı,Daire,,3 + 1,Bugün,Doğalgaz,Betonarme,İkinci El,Kiralık,40243-7350,"Kuzey, ",,Uygun,Evet,,
770 TL,2,35 Yaşında,135 m2,Yüksek Giriş,"5,000 TL",Eşyalı,"
3,000 TL
",Merkezi,3 Katlı,Daire,Boş,3 + 1,Bugün,Doğalgaz,Betonarme,İkinci El,Kiralık,2603-4049,"Kuzey, ",,,,,
325 TL,1,25 Yaşında,170 m2,3. Kat,,Eşyalı Değil,"
3,100 TL
",Merkezi,4 Katlı,Daire,Boş,4 + 1,Bugün,Doğalgaz,Betonarme,Sıfır,Kiralık,114144-576,"Güney, ",,,,,
430 TL,1,24 Yaşında,130 m2,2. Kat,"1,650 TL",Eşyalı Değil,"
1,550 TL
",Merkezi,2 Katlı,Daire,Boş,3 + 1,Bugün,Doğalgaz,Betonarme,İkinci El,Kiralık,2263-1110,"Güney, ",,,,,
,1,14 Yaşında,50 m2,2. Kat,"3,500 TL",Eşyalı,"
3,500 TL
",Merkezi,6 Katlı,Daire,Boş,1 + 1,Bugün,Doğalgaz,Betonarme,İkinci El,Kiralık,91324-3451,,,,,,
,1,10 Yaşında,90 m2,3. Kat,850 TL,Eşyalı Değil,"
850 TL
",Kombi,3 Katlı,Daire,Boş,2 + 1,Bugün,Doğalgaz,Betonarme,İkinci El,Kiralık,25673-6247,"Kuzey, ",,,,,
100 TL,1,2 Yaşında,125 m2,Kot 1,"2,500 TL",Eşyalı Değil,"
2,000 TL
",Kombi,4 Katlı,Daire,Boş,2 + 1,Bugün,Doğalgaz,Betonarme,İkinci El,Kiralık,76287-1742,"Kuzey, ",,,,,
50 TL,1,20 Yaşında,75 m2,Kot 1,"2,500 TL",Eşyalı,"
1,250 TL
",Kombi,3 Katlı,Daire,Boş,2 + 1,Dün,Doğalgaz,Betonarme,İkinci El,Kiralık,102959-601,"Doğu, ",,,,,
50 TL,1,7 Yaşında,140 m2,2. Kat,"1,300 TL",Eşyalı Değil,"
1,300 TL
",Kombi,3 Katlı,Daire,Boş,3 + 1,Bugün,Doğalgaz,Betonarme,İkinci El,Kiralık,22580-1997,"Kuzey, ",,,,,
600 TL,1,25 Yaşında,125 m2,2. Kat,"2,000 TL",Eşyalı Değil,"
2,000 TL
",Merkezi,10 Katlı,Daire,Boş,3 + 1,Bugün,Doğalgaz,Betonarme,İkinci El,Kiralık,46649-9185,"Güney, ",Evet (Site Adı Belirtilmemiş),,,,
"1,000 TL",2,15 Yaşında,250 m2,2. Kat,"13,500 TL",Eşyalı Değil,"
4,500 TL
",Merkezi,4 Katlı,Daire,Boş,4 + 1,Bugün,Doğalgaz,Betonarme,,Kiralık,1170-4909,"Kuzey, ",,,,,
50 TL,1,15 Yaşında,130 m2,Yüksek Giriş,"1,200 TL",Eşyalı Değil,"
1,200 TL
",Kombi,4 Katlı,Daire,Boş,3 + 1,Bugün,Doğalgaz,Betonarme,İkinci El,Kiralık,5338-6644,"Güney, ",,,,,
300 TL,1,22 Yaşında,95 m2,7. Kat,"1,600 TL",Eşyalı Değil,"
1,600 TL
",Merkezi,15 Katlı,Daire,Boş,2 + 1,Bugün,Doğalgaz,Betonarme,İkinci El,Kiralık,26775-1980,"Kuzey, ",YEŞİL VADİ ,,,,
,1,20 Yaşında,150 m2,2. Kat,,Eşyalı Değil,"
2,850 TL
",Merkezi,4 Katlı,Daire,,3 + 1,Bugün,,,,Kiralık,16512-2106,,,,,,
30 TL,1,25 Yaşında,165 m2,En Üst Kat,"2,000 TL",Eşyalı Değil,"
1,500 TL
",Kombi,3 Katlı,Daire,Boş,4 + 1,Bugün,Doğalgaz,Betonarme,İkinci El,Kiralık,64404-1930,Güney,,,,,
60 TL,1,40 Yaşında,120 m2,2. Kat,"1,800 TL",Eşyalı Değil,"
1,800 TL
",Kombi,3 Katlı,Daire,Boş,3 + 1,Bugün,Doğalgaz,Betonarme,İkinci El,Kiralık,4209-1977,"Kuzey, ",,,,,
80 TL,1,15 Yaşında,115 m2,5. Kat,950 TL,Eşyalı Değil,"
950 TL
",Merkezi,5 Katlı,Daire,Boş,3 + 1,Bugün,Doğalgaz,Betonarme,İkinci El,Kiralık,14994-11585,"Kuzey, ",YENİAY SİTESİ ,,,,
100 TL,1,30 Yaşında,115 m2,4. Kat,"1,400 TL",Eşyalı Değil,"
1,400 TL
",Kombi,8 Katlı,Daire,Boş,3 + 1,Bugün,Doğalgaz,Betonarme,İkinci El,Kiralık,4181-321,"Güney, ",,,,,
,3,Sıfır Bina,164 m2,11. Kat,,Eşyalı Değil,"
 6,500 TL
",Merkezi,26 Katlı,Residence,Boş,3 + 1,Bugün,Doğalgaz,Betonarme,Sıfır,Kiralık,2640-2471,,1071 çukurambar,,,,
30 TL,1,17 Yaşında,111 m2,3. Kat,750 TL,Eşyalı Değil,"
825 TL
",Kombi,3 Katlı,Daire,Boş,3 + 1,Bugün,Doğalgaz,Betonarme,İkinci El,Kiralık,111476-521,"Kuzey, ",,,,,
,1,10 Yaşında,160 m2,Giriş Katı,"1,700 TL",Eşyalı Değil,"
1,700 TL
",Kombi,5 Katlı,Daire,Boş,4 + 1,Bugün,Doğalgaz,Betonarme,İkinci El,Kiralık,47007-867,,Evet (Site Adı Belirtilmemiş),,,,
30 TL,1,10 Yaşında,90 m2,Yüksek Giriş,,Eşyalı,"
1,550 TL
",Kombi,3 Katlı,Daire,Boş,2 + 1,Dün,Doğalgaz,Betonarme,İkinci El,Kiralık,119882-848,"Güney, ",,,,,
285 TL,1,50 Yaşında,90 m2,Kot 1,"2,000 TL",Eşyalı Değil,"
1,250 TL
",Merkezi,3 Katlı,Daire,Kiracı Oturuyor,2 + 1,Bugün,Doğalgaz,,İkinci El,Kiralık,1135-1335,"Kuzey, ",,,,,
60 TL,1,35 Yaşında,120 m2,3. Kat,"1,900 TL",Eşyalı Değil,"
1,900 TL
",Kombi,3 Katlı,Daire,Boş,3 + 1,Bugün,Doğalgaz,Betonarme,İkinci El,Kiralık,4209-1984,"Kuzey, ",,,,,
50 TL,1,30 Yaşında,115 m2,2. Kat,"2,350 TL",Eşyalı Değil,"
2,350 TL
",Kombi,3 Katlı,Daire,Boş,3 + 1,Bugün,Doğalgaz,Betonarme,İkinci El,Kiralık,2533-2262,"Kuzey, ",,,,,
50 TL,1,15 Yaşında,140 m2,2. Kat,"1,250 TL",Eşyalı Değil,"
1,250 TL
",Kombi,3 Katlı,Daire,Boş,3 + 1,Bugün,Doğalgaz,Betonarme,İkinci El,Kiralık,58364-3234,"Doğu, ",,,,,
,1,7 Yaşında,120 m2,1. Kat,"1,100 TL",Eşyalı Değil,"
1,100 TL
",Kombi,5 Katlı,Daire,,3 + 1,Dün,,,,Kiralık,47158-1619,,,,,,
860 TL,2,3 Yaşında,144 m2,Ara Kat,"15,500 TL",Eşyalı,"
14,500 TL
",Merkezi,6 Katlı,Daire,Boş,3 + 1,Bugün,Doğalgaz,Betonarme,İkinci El,Kiralık,4337-2640,Doğu,Evet (Site Adı Belirtilmemiş),,,,
25 TL,1,30 Yaşında,120 m2,2. Kat,"1,250 TL",Eşyalı Değil,"
1,250 TL
",Kombi,3 Katlı,Daire,Boş,3 + 1,Bugün,Doğalgaz,Betonarme,İkinci El,Kiralık,6266-6605,"Güney, ",,,,,
25 TL,1,15 Yaşında,100 m2,Yüksek Giriş,650 TL,Eşyalı Değil,"
650 TL
",Kombi,3 Katlı,Daire,Boş,2 + 1,Bugün,Doğalgaz,Betonarme,İkinci El,Kiralık,117162-257,"Güney, ",,,,,
350 TL,2,15 Yaşında,150 m2,4. Kat,"5,000 TL",Eşyalı Değil,"
2,750 TL
",Kombi,9 Katlı,Daire,Boş,4 + 1,Dün,Doğalgaz,Betonarme,İkinci El,Kiralık,46993-852,"Güney, ",-,,,,
250 TL,1,30 Yaşında,120 m2,1. Kat,,Eşyalı Değil,"
1,800 TL
",Merkezi,3 Katlı,Daire,Ev Sahibi Oturuyor,3 + 1,Dün,Doğalgaz,Betonarme,İkinci El,Kiralık,2505-875,"Kuzey, ",,,,,
65 TL,1,38 Yaşında,135 m2,4. Kat,"1,550 TL",Eşyalı Değil,"
1,550 TL
",Kombi,4 Katlı,Daire,,3 + 1,Bugün,Doğalgaz,Kagir,İkinci El,Kiralık,3704-10694,Kuzey,,,,,
405 TL,1,35 Yaşında,120 m2,Giriş Katı,"1,650 TL",Eşyalı Değil,"
1,500 TL
",Merkezi,3 Katlı,Daire,Boş,3 + 1,Bugün,Doğalgaz,Kagir,İkinci El,Kiralık,21161-2176,Doğu,,,,,
385 TL,1,25 Yaşında,125 m2,1. Kat,,Eşyalı,"
2,000 TL
",Merkezi,4 Katlı,Daire,Boş,3 + 1,Dün,Doğalgaz,,İkinci El,Kiralık,102959-645,,,,,,
50 TL,1,30 Yaşında,130 m2,1. Kat,"3,000 TL",Eşyalı Değil,"
3,000 TL
",Kombi,4 Katlı,Daire,Kiracı Oturuyor,3 + 1,Bugün,Doğalgaz,Betonarme,İkinci El,Kiralık,73240-1651,"Kuzey, ",,,,,
,1,32 Yaşında,120 m2,2. Kat,,Eşyalı Değil,"
2,000 TL
",Merkezi,3 Katlı,Daire,Boş,3 + 1,Bugün,Doğalgaz,Betonarme,İkinci El,Kiralık,25300-1956,"Güney, ",,,,,
285 TL,1,25 Yaşında,120 m2,Yüksek Giriş,"1,600 TL",Eşyalı Değil,"
1,600 TL
",Merkezi,5 Katlı,Daire,Boş,3 + 1,Bugün,Doğalgaz,Betonarme,İkinci El,Kiralık,17943-1379,Doğu,,,,,
200 TL,1,18 Yaşında,145 m2,3. Kat,"1,800 TL",Eşyalı Değil,"
1,700 TL
",Kombi,5 Katlı,Daire,Boş,3 + 1,Bugün,Doğalgaz,Betonarme,İkinci El,Kiralık,110303-313,,,,,,
,7,15 Yaşında,"1,500 m2",,,Eşyalı Değil,"
30,000 TL
",Merkezi,4 Katlı,Bina,Kiracı Oturuyor,20 + 4,Bugün,Doğalgaz,Betonarme,,Kiralık,1170-4792,,,,,,
50 TL,1,30 Yaşında,95 m2,Teras Katı,"1,500 TL",Eşyalı Değil,"
1,500 TL
",Kombi,3 Katlı,Daire,Kiracı Oturuyor,2 + 1,Bugün,Doğalgaz,Betonarme,İkinci El,Kiralık,4666-972,"Kuzey, ",,,,,
,1,15 Yaşında,110 m2,Ara Kat,"6,750 TL",Eşyalı,"
6,750 TL
",Merkezi (Pay Ölçer),12 Katlı,Residence,,2 + 1,Bugün,,,,Kiralık,83743-307,,Mesa Koza Plaza,,,,
,1,8 Yaşında,50 m2,1. Kat,,Eşyalı Değil,"
2,500 TL
",Merkezi,300 Katlı,Daire,Boş,2 + 1,Bugün,,Betonarme,İkinci El,Kiralık,57374-895,"Güney, ",,,,,
50 TL,1,13 Yaşında,130 m2,1. Kat,"1,800 TL",Eşyalı Değil,"
1,800 TL
",Kombi,4 Katlı,Daire,Boş,3 + 1,Bugün,Doğalgaz,Betonarme,İkinci El,Kiralık,4110-2027,"Güney, ",,,,,
,1,2 Yaşında,70 m2,1. Kat,"4,700 TL",Eşyalı,"
4,000 TL
",Merkezi,6 Katlı,Daire,,1 + 1,Bugün,,,,Kiralık,4337-2527,Doğu,,,,,
50 TL,1,40 Yaşında,120 m2,4. Kat,"1,700 TL",Eşyalı Değil,"
1,500 TL
",Kombi,4 Katlı,Daire,Boş,3 + 1,Bugün,,,,Kiralık,5934-2976,,,,,,
50 TL,1,30 Yaşında,80 m2,Teras Katı,"2,500 TL",Eşyalı Değil,"
2,500 TL
",Kombi,4 Katlı,Daire,Boş,2 + 1,Dün,Doğalgaz,Betonarme,İkinci El,Kiralık,4367-5129,"Kuzey, ",,,,,
25 TL,1,30 Yaşında,110 m2,Bahçe Katı,650 TL,Eşyalı Değil,"
650 TL
",Kombi,3 Katlı,Daire,Boş,3 + 1,Bugün,Doğalgaz,Betonarme,İkinci El,Kiralık,6266-6606,"Kuzey, ",,,,,
30 TL,1,30 Yaşında,95 m2,2. Kat,"1,700 TL",Eşyalı Değil,"
1,700 TL
",Kombi,5 Katlı,Daire,Boş,2 + 1,Bugün,,,,Kiralık,6567-2614,"Doğu, ",,,,,
300 TL,1,1 Yaşında,85 m2,3. Kat,,Eşyalı,"
3,000 TL
",Merkezi (Pay Ölçer),39 Katlı,Daire,Boş,1 + 1,Bugün,Doğalgaz,Betonarme,Sıfır,Kiralık,13861-1813,"Güney, ",SİNPAŞ MARİNA,,,,
100 TL,1,5 Yaşında,135 m2,1. Kat,"6,400 TL",Eşyalı,"
3,200 TL
",Kombi,4 Katlı,Daire,Kiracı Oturuyor,3 + 1,Bugün,Doğalgaz,Betonarme,,Kiralık,1170-4921,"Kuzey, ",,,,,
280 TL,1,40 Yaşında,100 m2,Yüksek Giriş,"2,000 TL",Eşyalı,"
2,000 TL
",Merkezi,3 Katlı,Daire,Kiracı Oturuyor,2 + 1,Bugün,Doğalgaz,Betonarme,İkinci El,Kiralık,1124-5117,"Kuzey, ",,,,,
30 TL,1,15 Yaşında,120 m2,2. Kat,,Eşyalı Değil,"
1,150 TL
",Kombi,3 Katlı,Daire,Boş,3 + 1,Bugün,Doğalgaz,Betonarme,İkinci El,Kiralık,121128-24,Güney,,,,,
40 TL,1,35 Yaşında,85 m2,Bahçe Katı,"1,150 TL",Eşyalı Değil,"
1,150 TL
",Kombi,3 Katlı,Daire,Boş,1 + 1,Bugün,Doğalgaz,Betonarme,İkinci El,Kiralık,9595-2051,"Güney, ",,,,,
170 TL,2,20 Yaşında,135 m2,2. Kat,"1,500 TL",Eşyalı Değil,"
1,500 TL
",Kombi,9 Katlı,Daire,Boş,3 + 1,Bugün,Doğalgaz,Betonarme,İkinci El,Kiralık,59717-1862,"Güney, ",Evet (Site Adı Belirtilmemiş),,,,
,2,Sıfır Bina,130 m2,Ara Kat,,Eşyalı Değil,"
5,200 TL
",Merkezi,26 Katlı,Residence,Boş,2 + 1,Bugün,Doğalgaz,Betonarme,Sıfır,Kiralık,2640-2472,,1071 çukurambar,,,,
25 TL,1,25 Yaşında,120 m2,Giriş Katı,800 TL,Eşyalı Değil,"
800 TL
",Kombi,3 Katlı,Daire,Boş,3 + 1,Bugün,Doğalgaz,Betonarme,İkinci El,Kiralık,1955-6323,"Kuzey, ",,,,,
440 TL,1,2 Yaşında,90 m2,1. Kat,"3,500 TL",Eşyalı Değil,"
2,300 TL
",Merkezi (Pay Ölçer),9 Katlı,Daire,Boş,2 + 1,Bugün,Doğalgaz,Betonarme,Sıfır,Kiralık,96629-543,Güney,SİNPAŞ MARİNA ANKARA,,,,
50 TL,1,17 Yaşında,150 m2,3. Kat,,Eşyalı Değil,"
1,850 TL
",Kombi,4 Katlı,Daire,Boş,3 + 1,Bugün,,,,Kiralık,3240-12626,,,,,,
100 TL,1,3 Yaşında,110 m2,Giriş Katı,"2,000 TL",Eşyalı Değil,"
2,000 TL
",Kombi,4 Katlı,Daire,Boş,3 + 1,Bugün,Doğalgaz,Betonarme,İkinci El,Kiralık,7092-1174,"Doğu, ",,Uygun,Hayır,Kat Mülkiyeti,"2,000 TL"
100 TL,1,8 Yaşında,135 m2,1. Kat,"1,450 TL",Eşyalı Değil,"
1,450 TL
",Merkezi (Pay Ölçer),3 Katlı,Daire,Boş,3 + 1,Bugün,Doğalgaz,Betonarme,İkinci El,Kiralık,4937-3623,Doğu,,,,,
400 TL,1,60 Yaşında,96 m2,En Üst Kat,"1,400 TL",Eşyalı Değil,"
1,400 TL
",Merkezi,3 Katlı,Daire,Boş,2 + 1,Bugün,Doğalgaz,Yığma,İkinci El,Kiralık,15042-1345,"Doğu, ",EMEKLİ SUBAY EVLERİ,,,,
360 TL,1,40 Yaşında,125 m2,2. Kat,"1,500 TL",Eşyalı Değil,"
1,500 TL
",Merkezi,3 Katlı,Daire,Boş,3 + 1,Dün,Doğalgaz,,İkinci El,Kiralık,113552-199,,,,,,
50 TL,1,40 Yaşında,66 m2,2. Kat,"2,500 USD",Eşyalı,"
1,475 TL
",Kombi,4 Katlı,Daire,Boş,1 + 1,Bugün,Doğalgaz,Betonarme,İkinci El,Kiralık,3897-623,"Güney, ",,,,,
350 TL,1,5 Yaşında,170 m2,Bahçe Katı,"9,000 TL",Eşyalı,"
8,500 TL
",Merkezi (Pay Ölçer),4 Katlı,Daire,Boş,2 + 1,Bugün,Doğalgaz,Betonarme,İkinci El,Kiralık,42663-3396,,,,,,
,1,1 Yaşında,60 m2,Yüksek Giriş,,Eşyalı,"
3,000 TL
",Merkezi,2 Katlı,Daire,Boş,1 + 1,Bugün,Doğalgaz,Betonarme,İkinci El,Kiralık,48831-2110,Güney,,,,,
350 TL,1,27 Yaşında,115 m2,9. Kat,"1,100 TL",Eşyalı Değil,"
1,100 TL
",Merkezi,9 Katlı,Daire,Boş,3 + 1,Bugün,Doğalgaz,Betonarme,İkinci El,Kiralık,10495-6836,"Güney, ",YOL-İŞ SİTESİ,,,,
560 TL,2,1 Yaşında,115 m2,Ara Kat,"4,000 TL",Eşyalı Değil,"
4,000 TL
",Merkezi,20 Katlı,Daire,Boş,3 + 1,Bugün,Doğalgaz,Betonarme,İkinci El,Kiralık,4337-2639,Doğu,Başkent Emlak Konutları,,,,
400 TL,1,32 Yaşında,130 m2,Yüksek Giriş,"3,000 TL",Eşyalı,"
2,500 TL
",Merkezi,3 Katlı,Daire,Boş,3 + 1,Bugün,,,,Kiralık,115697-209,Doğu,,,,,
40 TL,1,19 Yaşında,140 m2,1. Kat,"1,250 TL",Eşyalı Değil,"
1,250 TL
",Kombi,2 Katlı,Daire,Boş,3 + 1,Bugün,Doğalgaz,Betonarme,İkinci El,Kiralık,3581-3682,Batı,,,,,
25 TL,1,25 Yaşında,120 m2,2. Kat,900 TL,Eşyalı Değil,"
900 TL
",Kombi,3 Katlı,Daire,Boş,3 + 1,Bugün,Doğalgaz,Betonarme,İkinci El,Kiralık,1955-6302,"Kuzey, ",,,,,
,1,35 Yaşında,85 m2,2. Kat,,Eşyalı,"
1,250 TL
",Kombi,4 Katlı,Daire,Belirtilmemiş,2 + 1,Bugün,Doğalgaz,Betonarme,İkinci El,Kiralık,90199-1500,"Kuzey, ",,,,,
50 TL,1,25 Yaşında,100 m2,Yüksek Giriş,"1,000 TL",Eşyalı Değil,"
1,000 TL
",Kombi,3 Katlı,Daire,Boş,2 + 1,Bugün,Doğalgaz,Betonarme,İkinci El,Kiralık,46649-9229,"Güney, ",,,,,
100 TL,1,2 Yaşında,70 m2,Bahçe Katı,"2,000 TL",Eşyalı Değil,"
2,000 TL
",Kombi,5 Katlı,Daire,Boş,2 + 1,Dün,Doğalgaz,Betonarme,İkinci El,Kiralık,4209-1971,"Kuzey, ",,,,,
80 TL,1,15 Yaşında,145 m2,2. Kat,"1,800 TL",Eşyalı Değil,"
1,800 TL
",Kombi,4 Katlı,Daire,Belirtilmemiş,3 + 1,Bugün,Doğalgaz,Betonarme,İkinci El,Kiralık,59717-1901,"Güney, ",,,,,
150 TL,2,11 Yaşında,180 m2,5. Kat,"3,000 TL",Eşyalı Değil,"
3,000 TL
",Kombi,7 Katlı,Daire,Boş,4 + 1,Bugün,Doğalgaz,Betonarme,İkinci El,Kiralık,91324-3435,"Kuzey, ",,,,,
50 TL,2,13 Yaşında,130 m2,1. Kat,"1,550 TL",Eşyalı Değil,"
1,450 TL
",Kombi,4 Katlı,Daire,Boş,3 + 1,Bugün,Doğalgaz,Betonarme,İkinci El,Kiralık,7015-1435,Batı,,,,,
50 TL,1,30 Yaşında,110 m2,1. Kat,"1,150 TL",Eşyalı Değil,"
1,150 TL
",Kombi,1 Katlı,Daire,Boş,3 + 1,Bugün,Doğalgaz,Betonarme,İkinci El,Kiralık,26568-3435,"Güney, ",,,,,
50 TL,1,15 Yaşında,125 m2,1. Kat,"1,500 TL",Eşyalı Değil,"
 1,350 TL
",Kombi,3 Katlı,Daire,Boş,3 + 1,Bugün,Doğalgaz,Betonarme,İkinci El,Kiralık,5338-6671,"Güney, ",,,,,
25 TL,1,30 Yaşında,125 m2,2. Kat,"2,000 TL",Eşyalı Değil,"
1,000 TL
",Kombi,3 Katlı,Daire,Boş,3 + 1,Bugün,Doğalgaz,Betonarme,İkinci El,Kiralık,121003-366,"Kuzey, ",,,,,
70 TL,1,15 Yaşında,125 m2,2. Kat,900 TL,Eşyalı Değil,"
900 TL
",Kombi,5 Katlı,Daire,Boş,3 + 1,Bugün,Doğalgaz,Betonarme,İkinci El,Kiralık,117162-187,"Doğu, ",,,,,
,1,39 Yaşında,120 m2,3. Kat,,Eşyalı Değil,"
900 TL
",Kombi,4 Katlı,Daire,Boş,3 + 1,Bugün,,,,Kiralık,77383-511,"Güney, ",,,,,
"1,000 TL",2,12 Yaşında,220 m2,5. Kat,"15,000 TL",Eşyalı Değil,"
7,500 TL
",Merkezi,9 Katlı,Daire,Boş,4 + 1,Bugün,Doğalgaz,Betonarme,İkinci El,Kiralık,16177-1491,"Güney, ",KEYVANPLATİNEVLER,,,,
260 TL,2,Sıfır Bina,90 m2,7. Kat,"2,250 TL",Eşyalı Değil,"
2,250 TL
",Merkezi (Pay Ölçer),17 Katlı,Daire,Boş,2 + 1,Bugün,Doğalgaz,Betonarme,Sıfır,Kiralık,39997-4037,Güney,Evet (Site Adı Belirtilmemiş),,,,
,1,2 Yaşında,150 m2,9. Kat,,Eşyalı Değil,"
1,950 TL
",Kombi,9 Katlı,Daire,,3 + 1,Dün,,,,Kiralık,41594-1553,,Evet (Site Adı Belirtilmemiş),,,,
230 TL,2,5 Yaşında,175 m2,3. Kat,"2,750 TL",Eşyalı Değil,"
2,750 TL
",Merkezi (Pay Ölçer),11 Katlı,Daire,Belirtilmemiş,4 + 1,Dün,Doğalgaz,Betonarme,İkinci El,Kiralık,2626-9261,"Güney, ",,,,,
400 TL,1,30 Yaşında,120 m2,2. Kat,"1,750 TL",Eşyalı Değil,"
1,750 TL
",Merkezi,4 Katlı,Daire,Boş,3 + 1,Dün,Doğalgaz,Betonarme,İkinci El,Kiralık,42363-894,"Güney, ",,,,,
360 TL,2,30 Yaşında,150 m2,2. Kat,"2,750 TL",Eşyalı Değil,"
2,750 TL
",Merkezi,3 Katlı,Daire,Kiracı Oturuyor,4 + 1,Bugün,Doğalgaz,Betonarme,İkinci El,Kiralık,1124-5127,"Güney, ",,,,,
30 TL,1,17 Yaşında,100 m2,1. Kat,"1,700 TL",Eşyalı,"
1,700 TL
",Kombi,11 Katlı,Daire,Boş,2 + 1,Dün,Doğalgaz,Betonarme,İkinci El,Kiralık,96259-338,"Güney, ",,,,,
30 TL,1,13 Yaşında,110 m2,1. Kat,950 TL,Eşyalı Değil,"
950 TL
",Kombi,3 Katlı,Daire,Boş,2 + 1,Dün,Doğalgaz,Betonarme,İkinci El,Kiralık,95382-5433,"Güney, ",,,,,
,1,30 Yaşında,50 m2,Giriş Katı,850 TL,Eşyalı,"
850 TL
",Belirtilmemiş,4 Katlı,Daire,Boş,1 + 1,Bugün,Elektrik,Betonarme,İkinci El,Kiralık,64462-1222,,,,,,
,1,3 Yaşında,125 m2,Yüksek Giriş,,Eşyalı Değil,"
2,900 TL
",Merkezi (Pay Ölçer),3 Katlı,Daire,Boş,3 + 1,Bugün,Doğalgaz,Betonarme,İkinci El,Kiralık,3584-25946,,,,,,
700 TL,3,17 Yaşında,330 m2,3. Kat,"11,000 TL",Eşyalı Değil,"
5,500 TL
",Kombi,3 Katlı,Daire,Boş,6 + 1,Bugün,Doğalgaz,Betonarme,İkinci El,Kiralık,47587-966,,,,,,
50 TL,1,20 Yaşında,90 m2,Kot 1,"2,000 TL",Eşyalı Değil,"
1,250 TL
",Kombi,3 Katlı,Daire,Boş,2 + 1,Bugün,Doğalgaz,Betonarme,İkinci El,Kiralık,2430-8852,"Kuzey, ",,,,,
20 TL,1,25 Yaşında,80 m2,4. Kat,600 TL,Eşyalı Değil,"
1,000 TL
",Kombi,4 Katlı,Daire,Boş,2 + 1,Bugün,Doğalgaz,Betonarme,İkinci El,Kiralık,7464-6195,"Güney, ",EMLAK BANK KONUTLARI,,,,
100 TL,2,13 Yaşında,140 m2,2. Kat,"1,650 TL",Eşyalı Değil,"
1,650 TL
",Kombi,4 Katlı,Daire,Boş,3 + 1,Bugün,Doğalgaz,Betonarme,İkinci El,Kiralık,5978-5741,Güney,,,,,
500 TL,1,30 Yaşında,95 m2,Bahçe Katı,"1,350 TL",Eşyalı Değil,"
1,300 TL
",Merkezi,4 Katlı,Daire,Boş,2 + 1,Dün,Doğalgaz,Betonarme,İkinci El,Kiralık,119128-119,,,,,,
,1,20 Yaşında,95 m2,2. Kat,950 TL,Eşyalı Değil,"
950 TL
",Kombi,2 Katlı,Daire,Boş,2 + 1,Bugün,Doğalgaz,Betonarme,İkinci El,Kiralık,121128-246,Güney,,,,,
50 TL,1,12 Yaşında,120 m2,4. Kat,825 TL,Eşyalı Değil,"
825 TL
",Kombi,4 Katlı,Daire,Boş,3 + 1,Bugün,Doğalgaz,Betonarme,İkinci El,Kiralık,89354-630,Batı,,,,,
80 TL,1,15 Yaşında,75 m2,Bahçe Katı,"1,800 TL",Eşyalı Değil,"
850 TL
",Kombi,3 Katlı,Daire,Boş,2 + 1,Bugün,Doğalgaz,Betonarme,İkinci El,Kiralık,10115-1164,,,,,,
50 TL,1,15 Yaşında,140 m2,1. Kat,"1,400 TL",Eşyalı Değil,"
1,400 TL
",Kombi,3 Katlı,Daire,Boş,3 + 1,Bugün,Doğalgaz,Betonarme,İkinci El,Kiralık,94433-456,"Güney, ",,,,,
30 TL,1,20 Yaşında,128 m2,Yüksek Giriş,"1,400 TL",Eşyalı Değil,"
1,400 TL
",Kombi,3 Katlı,Daire,Boş,3 + 1,Bugün,Doğalgaz,Betonarme,İkinci El,Kiralık,59717-1848,"Güney, ",,,,,
200 TL,2,15 Yaşında,140 m2,1. Kat,"1,500 TL",Eşyalı Değil,"
1,200 TL
",Kombi,8 Katlı,Daire,Boş,3 + 1,Bugün,Doğalgaz,Betonarme,İkinci El,Kiralık,5338-6665,"Güney, ",DİGER,,,,
25 TL,1,30 Yaşında,120 m2,3. Kat,900 TL,Eşyalı Değil,"
900 TL
",Kombi,3 Katlı,Daire,Boş,3 + 1,Bugün,Doğalgaz,Betonarme,İkinci El,Kiralık,6266-6602,"Kuzey, ",,,,,
210 TL,1,13 Yaşında,125 m2,1. Kat,"1,450 TL",Eşyalı Değil,"
1,450 TL
",Kombi,7 Katlı,Daire,Boş,3 + 1,Bugün,Doğalgaz,Betonarme,İkinci El,Kiralık,79831-985,"Güney, ",SPOR SİTESİNDE,,,,
240 TL,2,12 Yaşında,160 m2,7. Kat,,Eşyalı Değil,"
2,800 TL
",Kombi,8 Katlı,Daire,Boş,4 + 1,Bugün,Doğalgaz,Betonarme,İkinci El,Kiralık,80318-226,,,,,,
30 TL,1,32 Yaşında,85 m2,3. Kat,"1,200 TL",Eşyalı,"
1,200 TL
",Kombi,3 Katlı,Daire,Boş,3 + 1,Dün,Doğalgaz,Betonarme,İkinci El,Kiralık,95382-5447,"Güney, ",,,,,
,1,35 Yaşında,80 m2,2. Kat,,Eşyalı Değil,"
1,500 TL
",Kombi,3 Katlı,Daire,Boş,2 + 1,Bugün,Doğalgaz,Betonarme,,Kiralık,1170-4883,"Güney, ",,,,,
980 TL,2,17 Yaşında,190 m2,9. Kat,"11,000 TL",Eşyalı,"
11,000 TL
",Merkezi,12 Katlı,Daire,Boş,4 + 1,Bugün,Doğalgaz,Betonarme,İkinci El,Kiralık,1248-1812,"Kuzey, ",Evet (Site Adı Belirtilmemiş),,,,
250 TL,1,35 Yaşında,130 m2,2. Kat,"2,200 TL",Eşyalı Değil,"
2,200 TL
",Merkezi,3 Katlı,Daire,Boş,3 + 1,Bugün,Doğalgaz,Betonarme,İkinci El,Kiralık,4209-1934,"Güney, ",,,,,
50 TL,1,32 Yaşında,40 m2,Yüksek Giriş,"1,250 TL",Eşyalı Değil,"
1,250 TL
",Merkezi,3 Katlı,Daire,Boş,1 + 1,Bugün,Doğalgaz,,,Kiralık,115697-197,Güney,,,,,
700 TL,2,8 Yaşında,160 m2,10. Kat,"15,000 TL",Eşyalı Değil,"
7,250 TL
",Merkezi (Pay Ölçer),30 Katlı,Daire,Boş,4 + 1,Bugün,Doğalgaz,Betonarme,İkinci El,Kiralık,4537-8473,"Kuzey, ",PARKORAN,,,,
50 TL,2,10 Yaşında,160 m2,3. Kat,"1,800 TL",Eşyalı Değil,"
1,800 TL
",Kombi,5 Katlı,Daire,Boş,4 + 1,Dün,Doğalgaz,Betonarme,İkinci El,Kiralık,64175-1188,"Güney, ",,,,,
100 TL,1,15 Yaşında,135 m2,4. Kat,"1,850 TL",Eşyalı Değil,"
1,850 TL
",Kombi,4 Katlı,Daire,Kiracı Oturuyor,3 + 1,Bugün,Doğalgaz,Betonarme,İkinci El,Kiralık,94433-459,"Doğu, ",,,,,
280 TL,2,7 Yaşında,180 m2,2. Kat,"2,500 TL",Eşyalı Değil,"
1,800 TL
",Merkezi,4 Katlı,Daire,Boş,4 + 1,Bugün,Doğalgaz,Betonarme,İkinci El,Kiralık,19464-3032,"Güney, ",,,,,
250 TL,1,25 Yaşında,110 m2,11. Kat,"2,000 TL",Eşyalı Değil,"
2,050 TL
",Merkezi,11 Katlı,Daire,Boş,3 + 1,Bugün,Doğalgaz,Betonarme,İkinci El,Kiralık,96629-480,"Güney, ",Evet (Site Adı Belirtilmemiş),,,,
50 TL,2,25 Yaşında,130 m2,En Üst Kat,"1,500 TL",Eşyalı Değil,"
1,500 TL
",Kombi,4 Katlı,Daire,Boş,4 + 1,Bugün,Doğalgaz,Betonarme,İkinci El,Kiralık,26568-3434,"Güney, ",,,,,
110 TL,1,1 Yaşında,44 m2,7. Kat,"1,400 TL",Eşyalı,"
1,400 TL
",Merkezi (Pay Ölçer),12 Katlı,Daire,Boş,1 + 0,Dün,Elektrik,Betonarme,İkinci El,Kiralık,2626-8916,Güney,Evet (Site Adı Belirtilmemiş),,,,
75 TL,1,20 Yaşında,125 m2,3. Kat,"2,500 TL",Eşyalı Değil,"
1,950 TL
",Kombi,3 Katlı,Daire,Boş,3 + 1,Bugün,Doğalgaz,Betonarme,İkinci El,Kiralık,5042-3008,Batı,,,,,
120 TL,1,8 Yaşında,96 m2,1. Kat,"1,000 TL",Eşyalı,"
1,000 TL
",Merkezi (Pay Ölçer),12 Katlı,Daire,Boş,2 + 1,Bugün,Doğalgaz,Betonarme,İkinci El,Kiralık,113811-483,,Yapracık TOKİ 2. Bölge,,,,
1 TL,1,20 Yaşında,100 m2,Bahçe Katı,"2,300 TL",Eşyalı,"
2,300 TL
",Merkezi,30 Katlı,Daire,Boş,2 + 1,Bugün,Doğalgaz,Betonarme,,Kiralık,14436-3087,,,,,,
280 TL,1,1 Yaşında,65 m2,21 ve üzeri,"2,500 TL",Eşyalı Değil,"
2,000 TL
",Merkezi (Pay Ölçer),39 Katlı,Daire,Kiracı Oturuyor,1 + 1,Bugün,Doğalgaz,Betonarme,İkinci El,Kiralık,16177-1231,Batı,SİNPAŞ MARİNA TOWER,,,,
20 TL,1,35 Yaşında,90 m2,1. Kat,"2,400 TL",Eşyalı Değil,"
1,350 TL
",Kombi,3 Katlı,Daire,Boş,1 + 1,Dün,Doğalgaz,Kagir,İkinci El,Kiralık,2120-333,Batı,,,,,
20 TL,1,12 Yaşında,100 m2,Giriş Katı,875 TL,Eşyalı Değil,"
875 TL
",Kombi,3 Katlı,Daire,Boş,3 + 1,Bugün,Doğalgaz,Betonarme,İkinci El,Kiralık,95979-778,"Güney, ",,,,,
140 TL,1,22 Yaşında,125 m2,3. Kat,,Eşyalı Değil,"
1,750 TL
",Kombi,10 Katlı,Daire,Boş,3 + 1,Dün,Doğalgaz,Betonarme,İkinci El,Kiralık,40002-269,Doğu,murat sitesi,,,,
170 TL,1,25 Yaşında,110 m2,Yüksek Giriş,"1,950 TL",Eşyalı Değil,"
1,950 TL
",Kombi,3 Katlı,Daire,Boş,2 + 1,Bugün,Doğalgaz,Betonarme,İkinci El,Kiralık,47587-933,,,,,,
450 TL,1,20 Yaşında,165 m2,1. Kat,,Eşyalı,"
2,500 TL
",Merkezi,4 Katlı,Daire,Boş,4 + 1,Bugün,Doğalgaz,Betonarme,İkinci El,Kiralık,4414-627,"Güney, ",,,,,
100 TL,1,22 Yaşında,120 m2,Bahçe Katı,"4,000 TL",Eşyalı Değil,"
2,000 TL
",Kombi,4 Katlı,Daire,Boş,3 + 1,Bugün,Doğalgaz,Betonarme,İkinci El,Kiralık,4209-1923,"Güney, ",,,,,
60 TL,1,45 Yaşında,85 m2,3. Kat,"1,800 TL",Eşyalı,"
1,800 TL
",Kombi,3 Katlı,Daire,Boş,2 + 1,Dün,Doğalgaz,Betonarme,İkinci El,Kiralık,4209-1952,"Güney, ",,,,,
850 TL,1,45 Yaşında,175 m2,3. Kat,,Eşyalı Değil,"
 2,500 TL
",Merkezi,3 Katlı,Daire,Boş,3 + 1,Bugün,Doğalgaz,Betonarme,İkinci El,Kiralık,3704-10695,Batı,,,,,
120 TL,1,15 Yaşında,60 m2,Kot 1,"1,650 TL",Eşyalı,"
1,650 TL
",Kombi,4 Katlı,Daire,Kiracı Oturuyor,1 + 1,Bugün,Doğalgaz,Betonarme,,Kiralık,1170-4945,Kuzey,,,,,
30 TL,1,20 Yaşında,120 m2,1. Kat,"1,200 TL",Eşyalı Değil,"
1,100 TL
",Kombi,2 Katlı,Daire,Boş,3 + 1,Bugün,Doğalgaz,Betonarme,İkinci El,Kiralık,46649-9196,"Güney, ",,,,,
681 TL,2,1 Yaşında,135 m2,Ara Kat,"4,500 TL",Eşyalı Değil,"
4,500 TL
",Merkezi,15 Katlı,Daire,Boş,3 + 1,Bugün,Doğalgaz,Betonarme,Sıfır,Kiralık,4337-2637,"Güney, ",Başkent Emlak Konutları,,,,
30 TL,1,30 Yaşında,110 m2,Bahçe Katı,"1,100 TL",Eşyalı Değil,"
1,100 TL
",Kombi,3 Katlı,Daire,Boş,3 + 1,Bugün,Doğalgaz,,,Kiralık,56007-2314,"Kuzey, ",,,,,
270 TL,1,14 Yaşında,128 m2,8. Kat,"1,600 TL",Eşyalı Değil,"
1,600 TL
",Kombi,9 Katlı,Daire,Boş,3 + 1,Bugün,Doğalgaz,Betonarme,İkinci El,Kiralık,34705-650,"Doğu, ",ATAKENT 2 CUMHURİYET SİTESİ,,,,
,1,15 Yaşında,25 m2,1. Kat,"1,800 TL",Eşyalı Değil,"
2,000 TL
",Merkezi,4 Katlı,Daire,,1 + 0,Bugün,Elektrik,Betonarme,,Kiralık,57374-1197,Doğu,,,,,
175 TL,1,30 Yaşında,95 m2,4. Kat,"1,200 TL",Eşyalı Değil,"
1,200 TL
",Kombi,4 Katlı,Daire,Boş,2 + 1,Dün,Doğalgaz,Betonarme,İkinci El,Kiralık,4367-5157,"Güney, ",,,,,
113 TL,1,Sıfır Bina,100 m2,Giriş Katı,,Eşyalı Değil,"
700 TL
",Merkezi (Pay Ölçer),6 Katlı,Daire,Boş,2 + 1,Bugün,Doğalgaz,Betonarme,Sıfır,Kiralık,8316-1908,"Güney, ",saraycık toki,,,,
100 TL,1,20 Yaşında,90 m2,Yüksek Giriş,"1,800 TL",Eşyalı,"
1,850 TL
",Kombi,3 Katlı,Daire,,2 + 1,Bugün,Doğalgaz,Betonarme,İkinci El,Kiralık,57374-1101,"Güney, ",,,,,
